row,column,scene,elevation,som,moisture,temp,B01,B02,B03,B04,B05,B06,B07,B08,B8A,B09,B11,B12
20.0,32.0,1.0,438.98,2.51,40.873333333333335,64.81666666666666,1864.0,2171.0,2554.0,3124.0,3424.0,3488.0,3680.0,3826.0,3968.0,3712.0,5312.0,4224.0
20.0,33.0,1.0,437.72999999999996,2.452,40.62,62.928,1869.3333333333333,2149.866666666667,2557.2,3123.4666666666667,3509.3333333333335,3637.3333333333335,3765.3333333333335,3823.5333333333333,3968.0,3712.0,5397.333333333333,4224.0
21.0,30.0,1.0,442.91,2.450714285714286,42.635714285714286,63.471428571428575,1864.0,2155.8571428571427,2565.8571428571427,3113.4285714285716,3424.0,3552.0,3680.0,3787.4285714285716,3968.0,3712.0,5312.0,4224.0
21.0,31.0,1.0,442.3981818181818,2.4131818181818185,41.00121212121212,63.23393939393939,1888.7272727272727,2191.4242424242425,2607.5757575757575,3190.878787878788,3522.909090909091,3617.939393939394,3747.878787878788,3893.121212121212,3968.0,3968.0,5424.484848484848,4224.0
21.0,32.0,1.0,440.5450769230769,2.432153846153846,39.305692307692304,62.18492307692308,1903.3846153846155,2209.523076923077,2631.9076923076923,3242.507692307692,3522.4615384615386,3638.646153846154,3783.3846153846152,3950.8,4097.969230769231,4224.0,5481.3538461538465,4224.0
21.0,33.0,1.0,436.1737037037037,2.326111111111111,36.46074074074074,63.20049382716049,1930.3703703703704,2153.395061728395,2555.8395061728397,3160.938271604938,3461.135802469136,3570.962962962963,3725.8271604938273,3870.1975308641977,4031.2098765432097,3968.0,5397.333333333333,4154.469135802469
21.0,34.0,1.0,429.9390909090909,2.552840909090909,37.234545454545454,63.42113636363637,1997.8181818181818,2240.818181818182,2670.590909090909,3293.7954545454545,3601.4545454545455,3685.818181818182,3851.6363636363635,3978.659090909091,4113.454545454545,4224.0,5504.0,4369.454545454545
21.0,35.0,1.0,428.60999999999996,2.875,35.65,63.983333333333334,2000.0,2500.6666666666665,2990.266666666667,3681.5333333333333,4032.0,4136.533333333334,4305.066666666667,4502.533333333334,4565.333333333333,4224.0,5851.733333333334,4689.066666666667
22.0,28.0,1.0,442.59,2.2713636363636365,43.79090909090909,63.10181818181818,1877.090909090909,2225.3636363636365,2625.909090909091,3238.818181818182,3476.3636363636365,3592.7272727272725,3668.3636363636365,3901.909090909091,3968.0,3712.0,5416.727272727273,4224.0
22.0,29.0,1.0,442.67205128205126,2.3235897435897437,42.57128205128205,62.79153846153846,1920.6153846153845,2237.025641025641,2631.8205128205127,3249.6666666666665,3537.230769230769,3630.769230769231,3778.4615384615386,3931.5641025641025,4046.769230769231,3968.0,5479.384615384615,4224.0
22.0,30.0,1.0,442.86803278688524,2.6287704918032784,40.05213114754098,62.98016393442623,1910.4262295081967,2185.344262295082,2595.8032786885246,3193.2622950819673,3460.72131147541,3565.6393442622953,3686.2950819672133,3859.901639344262,4001.5737704918033,3968.0,5452.5901639344265,4224.0
22.0,31.0,1.0,441.9974603174603,2.550873015873016,39.3315873015873,62.885238095238094,1940.1904761904761,2270.9206349206347,2696.8888888888887,3329.4285714285716,3612.9523809523807,3731.809523809524,3868.9523809523807,4031.7936507936506,4175.238095238095,4224.0,5549.714285714285,4224.0
22.0,32.0,1.0,439.86079365079365,2.605714285714286,38.60793650793651,62.29682539682539,1934.3492063492063,2248.904761904762,2670.936507936508,3275.4761904761904,3584.5079365079364,3695.2380952380954,3848.6349206349205,3984.809523809524,4114.285714285715,4224.0,5568.0,4224.0
22.0,33.0,1.0,436.20000000000005,2.659402985074627,37.62238805970149,60.97194029850746,1912.7164179104477,2227.955223880597,2653.3283582089553,3253.0,3556.776119402985,3682.865671641791,3818.507462686567,3969.955223880597,4174.328358208955,4224.0,5506.865671641791,4224.0
22.0,34.0,1.0,431.82194029850746,2.8070895522388057,36.60597014925373,61.65014925373135,1927.7611940298507,2214.582089552239,2644.6567164179105,3261.089552238806,3543.402985074627,3639.8805970149256,3800.3582089552237,3960.4477611940297,4040.597014925373,4224.0,5546.985074626866,4224.0
22.0,35.0,1.0,428.71866666666665,2.8455,34.49633333333334,65.22166666666666,1960.5333333333333,2213.1666666666665,2640.0333333333333,3277.7,3639.4666666666667,3716.266666666667,3857.0666666666666,3975.9333333333334,4164.266666666666,4224.0,5589.333333333333,4292.266666666666
23.0,26.0,1.0,443.1575,2.4215625,44.14375,63.57,1882.0,2210.125,2595.6875,3189.1875,3488.0,3552.0,3716.0,3858.4375,3968.0,3712.0,5440.0,4224.0
23.0,27.0,1.0,442.8333333333333,2.3965555555555556,42.83155555555556,63.099111111111114,1916.2666666666667,2246.0222222222224,2678.1111111111113,3290.6666666666665,3601.777777777778,3671.4666666666667,3800.8888888888887,3983.0666666666666,4070.4,3968.0,5505.422222222222,4224.0
23.0,28.0,1.0,442.5664516129032,2.3885483870967743,41.465161290322584,63.17725806451613,1932.9032258064517,2255.3225806451615,2662.516129032258,3289.8064516129034,3575.7419354838707,3656.2580645161293,3792.516129032258,3978.048387096774,4079.483870967742,4224.0,5537.032258064516,4224.0
23.0,29.0,1.0,442.955,2.5061290322580643,40.54080645161291,63.06338709677419,1935.741935483871,2263.3709677419356,2709.048387096774,3347.451612903226,3658.3225806451615,3749.1612903225805,3897.8064516129034,4039.935483870968,4186.8387096774195,4224.0,5601.032258064516,4224.0
23.0,30.0,1.0,442.9509836065574,2.755901639344262,38.47262295081967,62.47409836065574,1928.0,2223.7704918032787,2638.8360655737706,3237.0,3507.934426229508,3608.655737704918,3739.8032786885246,3895.1475409836066,3968.0,3968.0,5509.245901639344,4224.0
23.0,31.0,1.0,441.8604838709677,2.7020967741935484,38.75258064516129,61.671290322580646,1945.2903225806451,2257.451612903226,2690.1774193548385,3309.4032258064517,3584.0,3708.9032258064517,3836.9032258064517,4004.2903225806454,4133.1612903225805,4224.0,5568.0,4224.0
23.0,32.0,1.0,440.55301587301585,2.6226984126984125,39.27444444444444,61.855396825396824,1948.5714285714287,2282.0793650793653,2730.6349206349205,3364.126984126984,3675.936507936508,3784.6349206349205,3928.8888888888887,4103.746031746032,4224.0,4224.0,5568.0,4224.0
23.0,33.0,1.0,437.5791935483871,2.710322580645161,37.700967741935486,61.82806451612903,1938.8387096774193,2269.032258064516,2706.3548387096776,3334.2096774193546,3631.483870967742,3768.7741935483873,3909.1612903225805,4071.2903225806454,4224.0,4224.0,5568.0,4224.0
23.0,34.0,1.0,433.65015625,2.779921875,36.204375,63.3040625,1929.0,2244.8125,2669.375,3286.09375,3598.0,3710.0,3857.0,3998.015625,4168.0,4224.0,5568.0,4224.0
23.0,35.0,1.0,430.1283076923077,2.9486923076923075,33.601846153846154,63.370153846153855,1919.2615384615385,2220.5384615384614,2652.230769230769,3294.4307692307693,3583.0153846153844,3680.9846153846156,3839.0153846153844,3996.3076923076924,4188.553846153846,4224.0,5600.0,4268.307692307692
24.0,24.0,1.0,441.7485,2.36775,43.1725,63.7975,1842.4,2124.65,2517.05,3072.05,3344.0,3436.8,3571.2,3701.9,3865.6,3712.0,5312.0,4121.6
24.0,25.0,1.0,442.55999999999995,2.607204081632653,41.2534693877551,63.702448979591836,1879.3469387755101,2164.877551020408,2567.3469387755104,3167.7551020408164,3418.7755102040815,3503.673469387755,3657.795918367347,3825.469387755102,3968.0,3968.0,5424.326530612245,4224.0
24.0,26.0,1.0,442.58774193548385,2.5613709677419356,40.443225806451615,64.15887096774193,1914.8387096774193,2233.5,2653.483870967742,3299.8548387096776,3585.032258064516,3668.6451612903224,3824.516129032258,3978.983870967742,4149.677419354839,4224.0,5549.419354838709,4224.0
24.0,27.0,1.0,442.50180327868856,2.5667213114754097,40.56967213114754,63.07967213114755,1928.0,2235.688524590164,2659.409836065574,3299.901639344262,3593.967213114754,3670.55737704918,3834.2295081967213,3971.7868852459014,4161.049180327869,4224.0,5536.524590163935,4224.0
24.0,28.0,1.0,442.42704918032786,2.6014754098360657,40.35475409836065,61.26131147540984,1926.1639344262296,2205.8852459016393,2624.344262295082,3233.4590163934427,3513.1803278688526,3590.8196721311474,3763.934426229508,3906.6721311475408,4014.1639344262294,3968.0,5484.065573770492,4224.0
24.0,29.0,1.0,443.10047619047623,2.813730158730159,38.09095238095238,61.26079365079365,1910.4761904761904,2198.904761904762,2623.873015873016,3225.0793650793653,3492.063492063492,3573.3333333333335,3729.777777777778,3892.84126984127,3968.0,3968.0,5478.603174603175,4224.0
24.0,30.0,1.0,442.5865079365079,2.856269841269841,38.55888888888889,61.74714285714286,1923.936507936508,2232.1111111111113,2646.777777777778,3269.4920634920636,3536.7619047619046,3635.3015873015875,3779.5555555555557,3936.126984126984,4049.2698412698414,4224.0,5480.6349206349205,4224.0
24.0,31.0,1.0,442.12693548387097,2.7866935483870967,39.501935483870966,61.5658064516129,1937.2903225806451,2253.3548387096776,2678.2580645161293,3301.467741935484,3588.1290322580644,3684.1290322580644,3828.6451612903224,3993.016129032258,4224.0,4224.0,5568.0,4224.0
24.0,32.0,1.0,441.38603174603173,2.69484126984127,38.57333333333333,62.73730158730159,1949.5873015873017,2277.714285714286,2718.714285714286,3333.4920634920636,3651.5555555555557,3760.253968253968,3897.3968253968255,4055.222222222222,4224.0,4224.0,5568.0,4224.0
24.0,33.0,1.0,439.3987096774194,2.670725806451613,37.03790322580645,63.96322580645161,1946.3225806451612,2283.983870967742,2715.2419354838707,3345.2580645161293,3655.2258064516127,3783.2258064516127,3923.6129032258063,4082.4193548387098,4224.0,4224.0,5568.0,4224.0
24.0,34.0,1.0,435.8209523809524,2.8036507936507937,35.38126984126984,59.75031746031746,1928.0,2252.904761904762,2675.3492063492063,3279.9523809523807,3573.3333333333335,3703.3650793650795,3837.4603174603176,3997.3968253968255,4106.158730158731,4224.0,5568.0,4224.0
24.0,35.0,1.0,431.84083333333336,2.8900833333333336,33.492666666666665,56.275333333333336,1904.0,2187.25,2610.4333333333334,3214.983333333333,3520.0,3623.4666666666667,3761.0666666666666,3897.5,3968.0,3968.0,5532.8,4192.0
24.0,36.0,1.0,427.93,2.926,34.31666666666667,71.82400000000001,1936.0,2158.4,2574.866666666667,3193.6666666666665,3605.3333333333335,3684.266666666667,3827.2,3903.266666666667,4070.4,4224.0,5578.666666666667,4305.066666666667
25.0,22.0,1.0,437.84272727272725,2.2146969696969694,41.57606060606061,64.33909090909091,1838.7878787878788,2175.121212121212,2554.4848484848485,3134.969696969697,3396.848484848485,3466.6666666666665,3616.0,3781.5151515151515,3944.7272727272725,3712.0,5312.0,4224.0
25.0,23.0,1.0,438.9705,2.5972500000000003,40.67016666666667,64.78766666666667,1850.4,2119.483333333333,2505.1666666666665,3072.25,3345.0666666666666,3420.8,3543.4666666666667,3717.766666666667,3831.4666666666667,3968.0,5312.0,4134.4
25.0,24.0,1.0,440.75126984126985,2.7876190476190477,38.55777777777777,64.66968253968254,1870.857142857143,2143.873015873016,2538.6349206349205,3113.5714285714284,3380.3174603174602,3460.5714285714284,3609.904761904762,3749.6349206349205,3882.6666666666665,3968.0,5379.047619047619,4187.428571428572
25.0,25.0,1.0,442.07953125,2.708671875,38.97234375,63.46984375,1899.75,2183.328125,2594.8125,3191.5625,3482.0,3561.0,3714.0,3847.125,3968.0,3968.0,5476.0,4224.0
25.0,26.0,1.0,442.18548387096774,2.6693548387096775,40.101451612903226,60.78677419354839,1929.8064516129032,2212.548387096774,2629.7580645161293,3244.2096774193546,3544.7741935483873,3616.0,3772.9032258064517,3919.4032258064517,4025.8064516129034,4224.0,5543.225806451613,4224.0
25.0,27.0,1.0,442.23421874999997,2.7546875,40.44921875,60.45484375,1915.75,2201.234375,2607.9375,3235.3125,3502.0,3585.0,3749.0,3907.125,4004.0,3968.0,5440.0,4224.0
25.0,28.0,1.0,442.3857142857143,2.744285714285714,40.453968253968256,61.48253968253968,1923.6825396825398,2224.3809523809523,2641.190476190476,3270.1111111111113,3561.1428571428573,3641.3968253968255,3778.5396825396824,3950.7619047619046,3968.0,4224.0,5507.047619047619,4224.0
25.0,29.0,1.0,442.6973015873016,2.7807142857142857,38.99460317460317,61.41444444444445,1925.7142857142858,2231.746031746032,2649.3333333333335,3257.5079365079364,3552.0,3643.4285714285716,3781.5873015873017,3940.1428571428573,4004.5714285714284,3968.0,5545.650793650793,4224.0
25.0,30.0,1.0,442.53828124999995,2.731015625,39.38578125,62.29875,1928.0,2233.09375,2649.953125,3268.21875,3561.0,3653.0,3787.0,3954.265625,3968.0,3968.0,5568.0,4224.0
25.0,31.0,1.0,442.3385714285714,2.688253968253968,38.684444444444445,62.68031746031746,1921.904761904762,2212.6190476190477,2636.8571428571427,3228.285714285714,3514.4126984126983,3601.777777777778,3739.936507936508,3917.5714285714284,3968.0,3968.0,5466.412698412699,4224.0
25.0,32.0,1.0,441.88209677419354,2.6637096774193547,37.435967741935485,59.2358064516129,1934.967741935484,2233.6290322580644,2655.2580645161293,3272.8870967741937,3545.8064516129034,3638.7096774193546,3790.451612903226,3955.7580645161293,4050.5806451612902,4224.0,5514.322580645161,4224.0
25.0,33.0,1.0,440.47507936507935,2.700079365079365,35.78015873015873,58.233809523809526,1944.0,2236.3650793650795,2659.4603174603176,3263.873015873016,3580.4444444444443,3708.4444444444443,3849.6507936507937,3973.9206349206347,4195.555555555556,4224.0,5568.0,4224.0
25.0,34.0,1.0,437.83916666666664,2.7252333333333336,36.469166666666666,64.12383333333334,1931.7333333333333,2243.366666666667,2663.3333333333335,3273.15,3574.4,3687.4666666666667,3833.6,3990.6666666666665,4096.0,4224.0,5538.133333333333,4224.0
25.0,35.0,1.0,433.91610169491526,2.8374406779661014,36.32508474576271,73.99135593220339,1919.7288135593221,2229.35593220339,2647.3050847457625,3248.423728813559,3539.5254237288136,3657.2203389830506,3808.5423728813557,3934.864406779661,4067.7966101694915,3968.0,5542.5084745762715,4238.1016949152545
25.0,36.0,1.0,430.43822222222224,2.876711111111111,34.14977777777778,76.21777777777778,1924.6222222222223,2181.6,2596.822222222222,3198.1111111111113,3471.6444444444446,3593.2444444444445,3730.488888888889,3878.911111111111,3973.688888888889,3968.0,5520.355555555556,4214.044444444445
26.0,20.0,1.0,436.2754838709678,2.555483870967742,37.22516129032258,67.51612903225806,1791.741935483871,2002.6129032258063,2356.064516129032,2865.4193548387098,3168.0,3262.967741935484,3390.967741935484,3480.548387096774,3712.0,3712.0,5117.935483870968,4091.8709677419356
26.0,21.0,1.0,436.3636144578313,2.4776506024096387,38.53265060240964,66.28819277108434,1843.7590361445782,2165.409638554217,2571.156626506024,3173.9397590361446,3472.578313253012,3543.5180722891564,3686.9397590361446,3832.602409638554,3918.6506024096384,3968.0,5356.722891566265,4168.481927710844
26.0,22.0,1.0,436.9095238095238,2.782063492063492,38.067460317460316,64.04428571428572,1883.8095238095239,2142.5873015873017,2529.2698412698414,3099.190476190476,3356.9523809523807,3435.1746031746034,3570.285714285714,3717.9523809523807,3858.285714285714,3968.0,5372.952380952381,4224.0
26.0,23.0,1.0,438.028253968254,2.8447619047619046,37.39190476190476,62.79333333333334,1860.4444444444443,2141.873015873016,2539.5873015873017,3114.5555555555557,3379.3015873015875,3457.5238095238096,3613.968253968254,3755.6666666666665,3898.9206349206347,3968.0,5415.619047619048,4224.0
26.0,24.0,1.0,439.71145161290326,2.8470967741935485,38.38677419354839,60.336290322580645,1864.516129032258,2139.4032258064517,2536.1129032258063,3138.6451612903224,3411.6129032258063,3510.7096774193546,3641.8064516129034,3776.564516129032,3943.2258064516127,3968.0,5440.0,4224.0
26.0,25.0,1.0,441.5483870967742,2.7897580645161293,38.62129032258064,60.026774193548384,1888.774193548387,2203.4032258064517,2619.2096774193546,3257.5,3537.548387096774,3601.548387096774,3774.967741935484,3916.516129032258,4005.1612903225805,3968.0,5497.806451612903,4224.0
26.0,26.0,1.0,442.24952380952385,2.7593650793650792,39.182539682539684,61.163809523809526,1906.6666666666667,2233.4285714285716,2656.0476190476193,3292.4603174603176,3576.3809523809523,3653.5873015873017,3820.190476190476,3981.5714285714284,4102.0952380952385,4224.0,5568.0,4224.0
26.0,27.0,1.0,442.38047619047614,2.8106349206349206,38.48460317460318,62.034126984126985,1902.3492063492063,2197.9841269841268,2598.9206349206347,3210.095238095238,3485.968253968254,3555.0476190476193,3705.3968253968255,3870.8253968253966,3968.0,3968.0,5440.0,4224.0
26.0,28.0,1.0,442.54741935483867,2.7272580645161293,39.711612903225806,62.39032258064516,1907.8709677419354,2207.5,2624.2419354838707,3235.1290322580644,3526.1935483870966,3595.3548387096776,3735.7419354838707,3899.8387096774195,3968.0,3968.0,5516.387096774193,4224.0
26.0,29.0,1.0,442.53548387096777,2.6954838709677422,39.21322580645161,62.38306451612903,1922.8387096774193,2221.2741935483873,2634.3225806451615,3238.8870967741937,3521.032258064516,3587.0967741935483,3735.7419354838707,3903.9032258064517,3968.0,3968.0,5495.741935483871,4224.0
26.0,30.0,1.0,442.76205479452057,2.7195890410958903,38.32246575342466,59.451232876712325,1920.109589041096,2209.8356164383563,2610.027397260274,3214.205479452055,3502.027397260274,3582.6849315068494,3708.054794520548,3874.671232876712,3968.0,3968.0,5452.273972602739,4224.0
26.0,31.0,1.0,442.53175675675675,2.7280405405405403,38.409864864864865,59.188378378378374,1912.0,2199.9864864864867,2599.972972972973,3200.527027027027,3475.027027027027,3554.5945945945946,3704.2162162162163,3880.1486486486488,3968.0,3968.0,5440.0,4224.0
26.0,32.0,1.0,442.4424590163934,2.758032786885246,37.6955737704918,68.40786885245902,1930.8852459016393,2232.0819672131147,2636.5245901639346,3242.590163934426,3522.622950819672,3618.098360655738,3766.032786885246,3924.245901639344,4043.5409836065573,3968.0,5490.360655737705,4224.0
26.0,33.0,1.0,441.6840677966102,2.728135593220339,36.43881355932203,75.95932203389832,1944.0,2247.2542372881358,2664.728813559322,3268.5593220338983,3582.3728813559323,3674.576271186441,3822.101694915254,3961.5593220338983,4098.169491525424,4224.0,5548.474576271186,4224.0
26.0,34.0,1.0,439.6046666666667,2.7394000000000003,36.99283333333334,75.86833333333334,1937.3333333333333,2241.2833333333333,2667.4666666666667,3267.2166666666667,3570.133333333333,3691.733333333333,3829.3333333333335,3964.35,4138.666666666667,4224.0,5544.533333333334,4224.0
26.0,35.0,1.0,435.6535483870968,2.8248387096774197,36.57032258064516,73.96774193548387,1936.0,2223.532258064516,2640.032258064516,3236.2419354838707,3520.0,3624.2580645161293,3776.0,3908.3064516129034,3984.516129032258,3968.0,5520.5161290322585,4236.387096774193
26.0,36.0,1.0,431.2132352941176,2.87125,35.56985294117647,72.41985294117647,1921.8823529411766,2213.014705882353,2617.6617647058824,3220.235294117647,3520.0,3600.0,3759.0588235294117,3887.985294117647,3968.0,3968.0,5503.058823529412,4212.705882352941
26.0,37.0,1.0,429.06,2.786111111111111,35.83777777777778,73.23111111111112,1936.0,2165.8888888888887,2595.6666666666665,3187.5555555555557,3463.1111111111113,3623.1111111111113,3776.0,3850.6666666666665,4110.222222222223,4224.0,5507.555555555556,4288.0
27.0,20.0,1.0,436.02,2.575,32.38,72.515,1736.0,2099.0,2473.0,3038.0,3232.0,3360.0,3488.0,3673.0,3712.0,3456.0,4800.0,3968.0
27.0,21.0,1.0,435.65863636363633,2.568068181818182,35.26477272727273,67.46556818181818,1814.1818181818182,2144.375,2534.9545454545455,3126.0,3437.818181818182,3501.818181818182,3641.4545454545455,3763.625,3933.090909090909,3968.0,5317.818181818182,4130.909090909091
27.0,22.0,1.0,435.6641538461538,2.7797692307692308,38.17353846153846,60.34015384615385,1870.8923076923077,2171.0923076923077,2593.1846153846154,3230.2153846153847,3496.8615384615387,3579.5692307692307,3729.230769230769,3894.9846153846156,3979.8153846153846,3968.0,5436.0615384615385,4184.615384615385
27.0,23.0,1.0,436.5640322580645,2.9516935483870967,37.832741935483874,60.09209677419355,1869.9354838709678,2144.9032258064517,2551.2096774193546,3177.6774193548385,3466.3225806451615,3539.6129032258063,3667.6129032258063,3826.3870967741937,3968.0,3968.0,5440.0,4224.0
27.0,24.0,1.0,438.25590163934424,2.9715573770491805,37.415573770491804,61.3716393442623,1864.0,2160.1639344262294,2562.44262295082,3169.7704918032787,3453.377049180328,3536.2622950819673,3659.0163934426228,3823.1639344262294,3968.0,3968.0,5440.0,4224.0
27.0,25.0,1.0,441.0714516129032,2.8628225806451613,37.22145161290322,61.01209677419355,1880.0,2186.5,2600.0806451612902,3216.483870967742,3491.0967741935483,3566.451612903226,3706.8387096774195,3868.3387096774195,3968.0,3968.0,5458.580645161291,4224.0
27.0,26.0,1.0,442.47774193548383,2.924112903225806,36.13596774193548,61.93241935483871,1883.0967741935483,2173.951612903226,2589.3387096774195,3183.3225806451615,3470.451612903226,3541.6774193548385,3685.1612903225805,3842.0,3968.0,3968.0,5479.225806451613,4224.0
27.0,27.0,1.0,442.55301587301585,2.803095238095238,36.69285714285714,62.04920634920635,1893.7142857142858,2167.7619047619046,2564.0476190476193,3164.3492063492063,3437.2063492063494,3507.3015873015875,3649.5238095238096,3818.6984126984125,3968.0,3968.0,5440.0,4224.0
27.0,28.0,1.0,442.64112903225805,2.7500806451612902,37.5691935483871,60.51790322580646,1902.7096774193549,2183.6129032258063,2590.1612903225805,3191.548387096774,3469.4193548387098,3555.0967741935483,3710.967741935484,3845.983870967742,3968.0,3968.0,5483.354838709677,4224.0
27.0,29.0,1.0,442.46661290322584,2.742983870967742,37.596774193548384,63.78951612903226,1915.3548387096773,2219.1129032258063,2625.5806451612902,3234.2258064516127,3506.5806451612902,3598.451612903226,3742.967741935484,3894.6129032258063,3968.0,3968.0,5524.645161290323,4224.0
27.0,30.0,1.0,442.7806557377049,2.7480327868852457,37.881967213114756,71.40032786885246,1918.5573770491803,2217.934426229508,2621.1311475409834,3234.3934426229507,3491.1475409836066,3575.0819672131147,3720.9180327868853,3901.9180327868853,3968.0,3968.0,5446.295081967213,4224.0
27.0,31.0,1.0,442.64423728813557,2.753050847457627,37.914915254237286,76.87813559322035,1928.0,2233.5423728813557,2642.5593220338983,3234.2203389830506,3528.135593220339,3607.322033898305,3748.3389830508477,3903.830508474576,3968.0,3968.0,5468.203389830508,4224.0
27.0,32.0,1.0,442.51733333333334,2.822166666666667,36.72833333333333,75.89616666666667,1928.0,2240.25,2648.25,3256.233333333333,3532.8,3626.6666666666665,3770.6666666666665,3931.35,3968.0,3968.0,5548.8,4224.0
27.0,33.0,1.0,441.7627868852459,2.8224590163934424,36.981803278688524,74.13065573770493,1929.311475409836,2230.2950819672133,2633.8852459016393,3240.409836065574,3533.1147540983607,3617.0491803278687,3787.0163934426228,3933.688524590164,3988.9836065573772,3968.0,5523.934426229508,4224.0
27.0,34.0,1.0,439.93396825396826,2.83968253968254,37.52285714285714,72.42412698412699,1932.5714285714287,2226.0,2647.5555555555557,3254.4126984126983,3545.904761904762,3659.6825396825398,3798.8571428571427,3955.8571428571427,4098.0317460317465,4224.0,5521.269841269841,4224.0
27.0,35.0,1.0,436.30393442622955,2.842295081967213,36.82803278688525,72.35475409836066,1936.0,2235.8032786885246,2665.377049180328,3271.245901639344,3559.8688524590166,3664.2622950819673,3796.9836065573772,3948.9508196721313,4106.491803278688,4224.0,5526.55737704918,4218.754098360656
27.0,36.0,1.0,431.77875,2.912421875,35.7603125,73.26578125,1936.0,2253.484375,2668.59375,3276.03125,3540.0,3663.0,3796.0,3946.1875,4056.0,4224.0,5566.0,4288.0
27.0,37.0,1.0,426.9168888888889,2.9014444444444445,33.77155555555556,79.92,1936.0,2174.5333333333333,2586.5777777777776,3191.8444444444444,3500.088888888889,3588.9777777777776,3753.2444444444445,3861.088888888889,4047.6444444444446,4224.0,5489.066666666667,4236.8
28.0,21.0,1.0,434.384,2.571,34.932,68.97200000000001,1851.2,2088.2,2472.0,3057.6,3372.8,3500.8,3628.8,3666.6,3968.0,3712.0,5184.0,3968.0
28.0,22.0,1.0,433.85229885057475,2.7091954022988505,35.2764367816092,64.79885057471265,1869.5172413793102,2136.5172413793102,2544.7816091954023,3153.597701149425,3424.0,3516.689655172414,3638.0689655172414,3794.8390804597702,3885.609195402299,3968.0,5297.287356321839,4038.6206896551726
28.0,23.0,1.0,435.0509677419355,2.7989516129032257,37.82016129032258,59.88161290322581,1886.967741935484,2216.6612903225805,2654.0806451612902,3298.3064516129034,3592.2580645161293,3670.7096774193546,3808.0,3956.435483870968,4038.1935483870966,4224.0,5549.419354838709,4224.0
28.0,24.0,1.0,437.081935483871,3.0418548387096775,34.98225806451613,61.53758064516129,1874.0645161290322,2150.6612903225805,2555.9032258064517,3134.6612903225805,3416.7741935483873,3497.2903225806454,3606.7096774193546,3782.7741935483873,3856.516129032258,3968.0,5458.580645161291,4224.0
28.0,25.0,1.0,440.4998387096774,2.8675806451612904,36.01064516129032,60.17016129032258,1872.516129032258,2177.548387096774,2592.0967741935483,3216.3548387096776,3518.967741935484,3591.2258064516127,3713.032258064516,3874.0967741935483,4005.1612903225805,3968.0,5501.935483870968,4224.0
28.0,26.0,1.0,442.4557894736842,3.0499122807017542,33.54877192982456,60.78736842105263,1882.2456140350878,2139.6491228070176,2540.59649122807,3132.7894736842104,3407.157894736842,3490.245614035088,3628.3508771929824,3775.1052631578946,3918.59649122807,3968.0,5457.964912280701,4224.0
28.0,27.0,1.0,442.6913333333333,2.8189166666666665,35.69416666666667,66.1955,1903.2,2206.383333333333,2609.25,3226.1666666666665,3521.0666666666666,3602.133333333333,3725.866666666667,3879.1,3968.0,3968.0,5548.8,4224.0
28.0,28.0,1.0,442.61067796610166,2.773559322033898,37.685762711864406,74.55966101694915,1917.4237288135594,2239.3898305084745,2656.898305084746,3278.9322033898306,3566.101694915254,3638.7796610169494,3787.3898305084745,3934.491525423729,4015.728813559322,3968.0,5568.0,4224.0
28.0,29.0,1.0,442.425,2.8280833333333333,38.173,78.0835,1919.4666666666667,2212.2166666666667,2631.866666666667,3226.1833333333334,3504.0,3587.2,3723.733333333333,3877.05,3968.0,3968.0,5501.866666666667,4224.0
28.0,30.0,1.0,442.5055,2.8583333333333334,38.290499999999994,75.49833333333332,1912.0,2225.4,2633.6666666666665,3245.75,3520.0,3589.3333333333335,3731.2,3898.983333333333,3968.0,3968.0,5486.933333333333,4224.0
28.0,31.0,1.0,442.5229508196721,2.8513114754098363,38.12409836065574,74.09475409836065,1912.0,2211.4262295081967,2620.8688524590166,3222.7868852459014,3496.3934426229507,3596.065573770492,3724.065573770492,3882.7049180327867,3968.0,3968.0,5542.819672131148,4224.0
28.0,32.0,1.0,441.99285714285713,2.841666666666667,37.84,73.28698412698412,1920.888888888889,2206.5873015873017,2614.6031746031745,3228.3015873015875,3504.253968253968,3610.9206349206347,3738.9206349206347,3910.3015873015875,4037.0793650793653,3968.0,5492.825396825397,4224.0
28.0,33.0,1.0,441.25079365079364,2.832222222222222,36.654761904761905,72.27507936507936,1936.6349206349207,2241.6031746031745,2654.746031746032,3268.7936507936506,3573.3333333333335,3664.7619047619046,3809.0158730158732,3951.809523809524,4073.6507936507937,4224.0,5551.746031746032,4224.0
28.0,34.0,1.0,439.2042857142857,2.772698412698413,38.05047619047619,76.08428571428573,1948.8253968253969,2288.4761904761904,2702.8253968253966,3337.4126984126983,3642.4126984126983,3730.7936507936506,3862.8571428571427,4005.5079365079364,4158.984126984127,4224.0,5568.0,4224.0
28.0,35.0,1.0,435.38272727272727,2.7390151515151517,35.865,79.75727272727273,1968.0,2285.287878787879,2719.257575757576,3332.090909090909,3632.4848484848485,3722.6666666666665,3876.848484848485,4019.348484848485,4224.0,4224.0,5548.606060606061,4256.969696969697
28.0,36.0,1.0,431.13261538461535,2.8970000000000002,35.303384615384616,78.32646153846154,1950.2769230769231,2269.4153846153845,2699.4,3320.876923076923,3584.9846153846156,3710.523076923077,3840.9846153846156,3990.107692307692,4121.6,4224.0,5597.046153846154,4305.723076923077
28.0,37.0,1.0,426.48657534246576,2.866369863013699,31.85315068493151,78.77780821917808,1925.4794520547946,2208.205479452055,2620.4931506849316,3268.4657534246576,3604.1643835616437,3660.7123287671234,3837.3698630136987,3950.821917808219,4136.328767123287,4224.0,5495.671232876713,4228.3835616438355
28.0,38.0,1.0,425.12555555555554,2.825,31.38888888888889,79.31666666666668,1936.0,2281.1111111111113,2701.4814814814813,3309.3703703703704,3619.5555555555557,3694.222222222222,3885.037037037037,3988.740740740741,4119.7037037037035,3968.0,5557.333333333333,4406.518518518518
29.0,22.0,1.0,433.214375,2.66484375,32.88625,68.65593750000001,1839.5,2118.03125,2508.03125,3061.3125,3370.0,3458.0,3586.0,3711.875,3872.0,3968.0,5248.0,3976.0
29.0,23.0,1.0,433.790641025641,2.7625641025641023,35.09051282051282,61.37423076923076,1855.3846153846155,2162.8076923076924,2572.025641025641,3180.102564102564,3463.3846153846152,3519.1794871794873,3665.230769230769,3840.153846153846,3938.4615384615386,3968.0,5428.51282051282,4128.820512820513
29.0,24.0,1.0,436.15868852459016,3.0534426229508194,33.77540983606558,58.98934426229508,1872.9180327868853,2124.377049180328,2520.1967213114754,3114.0163934426228,3389.377049180328,3450.2295081967213,3607.6065573770493,3741.344262295082,3896.655737704918,3968.0,5465.180327868852,4224.0
29.0,25.0,1.0,440.1762711864407,2.8838983050847458,35.18813559322034,65.55271186440679,1880.542372881356,2193.5593220338983,2605.7118644067796,3233.3728813559323,3519.4576271186443,3584.5423728813557,3719.0508474576272,3874.2203389830506,3968.0,3968.0,5507.254237288135,4224.0
29.0,26.0,1.0,442.18169491525424,3.038220338983051,35.06440677966102,75.17983050847457,1894.915254237288,2190.5593220338983,2581.7796610169494,3186.8474576271187,3441.35593220339,3523.7966101694915,3661.5593220338983,3812.5423728813557,3968.0,3968.0,5440.0,4224.0
29.0,27.0,1.0,442.57935483870966,2.9120967741935484,36.46677419354839,76.99516129032257,1909.4193548387098,2211.951612903226,2620.2903225806454,3223.8064516129034,3493.1612903225805,3556.1290322580644,3688.2580645161293,3854.1612903225805,3968.0,3968.0,5470.967741935484,4224.0
29.0,28.0,1.0,442.45904761904757,2.9317460317460315,36.85730158730159,74.97809523809524,1906.920634920635,2184.6507936507937,2586.253968253968,3167.3015873015875,3428.063492063492,3502.222222222222,3637.3333333333335,3804.7619047619046,3968.0,3968.0,5448.126984126984,4224.0
29.0,29.0,1.0,442.1588709677419,2.9302419354838714,37.994032258064514,73.4533870967742,1912.0,2168.8709677419356,2569.2903225806454,3154.7419354838707,3436.3870967741937,3501.4193548387098,3638.7096774193546,3793.9032258064517,3968.0,3968.0,5440.0,4224.0
29.0,30.0,1.0,441.9349206349207,2.899603174603175,38.906349206349205,72.82603174603175,1920.3809523809523,2215.4920634920636,2607.746031746032,3230.5555555555557,3510.3492063492063,3585.5238095238096,3725.714285714286,3875.7619047619046,3968.0,3968.0,5502.984126984127,4224.0
29.0,31.0,1.0,442.20142857142855,2.9175396825396827,37.30428571428572,73.25873015873016,1936.126984126984,2243.4920634920636,2665.126984126984,3277.6031746031745,3584.5079365079364,3648.5079365079364,3785.6507936507937,3946.3968253968255,4057.3968253968255,3968.0,5561.9047619047615,4224.0
29.0,32.0,1.0,441.55507692307697,2.774153846153846,36.99353846153846,77.60569230769231,1944.0,2274.230769230769,2694.107692307692,3337.0,3614.0307692307692,3688.8615384615387,3842.4615384615386,4003.6153846153848,4188.553846153846,4224.0,5568.0,4224.0
29.0,33.0,1.0,439.905303030303,2.776060606060606,37.0569696969697,80.83530303030304,1942.5454545454545,2264.409090909091,2701.1060606060605,3308.8636363636365,3604.3636363636365,3705.212121212121,3842.909090909091,3998.439393939394,4161.939393939394,4224.0,5568.0,4224.0
29.0,34.0,1.0,436.7090909090909,2.7014393939393937,36.01,81.82469696969697,1952.2424242424242,2287.560606060606,2716.9545454545455,3343.5454545454545,3650.909090909091,3723.6363636363635,3872.969696969697,4006.560606060606,4196.848484848485,4224.0,5568.0,4224.0
29.0,35.0,1.0,432.70215384615386,2.7706923076923076,35.38384615384615,80.15661538461539,1968.0,2272.1846153846154,2695.4615384615386,3314.4153846153845,3618.4615384615386,3675.076923076923,3833.107692307692,3976.2615384615383,4168.861538461539,4224.0,5564.553846153846,4288.0
29.0,36.0,1.0,428.19647887323947,2.894577464788733,32.988169014084505,78.53507042253521,1924.7323943661972,2267.4084507042253,2704.6901408450703,3363.2676056338028,3676.845070422535,3734.9859154929577,3880.56338028169,4051.4647887323945,4191.549295774648,4224.0,5592.788732394366,4302.422535211268
29.0,37.0,1.0,425.18718309859156,2.8045774647887325,31.645915492957748,78.29267605633802,1888.225352112676,2121.2535211267605,2545.5774647887324,3171.112676056338,3442.478873239437,3542.9859154929577,3698.478873239437,3846.845070422535,3986.0281690140846,3968.0,5235.830985915493,4006.760563380282
29.0,38.0,1.0,424.276,2.711714285714286,33.17142857142857,80.59914285714287,1917.7142857142858,2178.114285714286,2571.942857142857,3175.885714285714,3494.4,3561.1428571428573,3691.885714285714,3808.9142857142856,4004.5714285714284,3968.0,5398.857142857143,4167.314285714286
30.0,23.0,1.0,433.77985714285717,2.9627142857142856,32.12542857142857,66.95471428571429,1836.8,2086.6714285714284,2467.042857142857,3062.714285714286,3354.5142857142855,3423.0857142857144,3551.0857142857144,3669.2571428571428,3898.5142857142855,3968.0,5299.2,4165.4857142857145
30.0,24.0,1.0,436.44515624999997,3.0325,34.83796875,72.05515625,1857.0,2173.171875,2587.9375,3212.796875,3491.0,3539.0,3674.0,3851.25,3932.0,3968.0,5486.0,4188.0
30.0,25.0,1.0,439.87393442622954,3.015573770491803,35.89918032786885,73.44114754098361,1888.1311475409836,2188.1639344262294,2597.2950819672133,3206.8360655737706,3465.967213114754,3559.344262295082,3675.8032786885246,3849.3934426229507,3968.0,3968.0,5488.262295081967,4224.0
30.0,26.0,1.0,441.81915254237293,3.12135593220339,35.01491525423729,73.24050847457626,1882.9830508474577,2160.1186440677966,2547.830508474576,3133.237288135593,3390.3728813559323,3456.5423728813557,3585.6271186440677,3744.677966101695,3855.186440677966,3968.0,5440.0,4224.0
30.0,27.0,1.0,442.07370967741934,3.0915322580645164,35.64354838709678,72.34387096774194,1896.0,2151.2419354838707,2534.7741935483873,3113.467741935484,3384.7741935483873,3457.032258064516,3602.5806451612902,3744.435483870968,3852.3870967741937,3968.0,5456.5161290322585,4224.0
30.0,28.0,1.0,441.854262295082,3.0027049180327867,37.77704918032787,72.28016393442623,1912.0,2193.1475409836066,2597.245901639344,3207.8524590163934,3477.5081967213114,3552.0,3684.1967213114754,3840.9836065573772,3968.0,3968.0,5515.540983606557,4224.0
30.0,29.0,1.0,441.74370967741936,2.9555645161290323,37.65387096774194,73.75467741935483,1920.774193548387,2222.8225806451615,2631.8387096774195,3241.5806451612902,3526.1935483870966,3585.032258064516,3723.3548387096776,3898.3548387096776,3968.0,3968.0,5539.096774193548,4224.0
30.0,30.0,1.0,441.55875000000003,2.788203125,38.19078125,78.2515625,1942.5,2251.625,2684.328125,3298.0,3592.0,3661.0,3778.0,3954.21875,4012.0,4224.0,5568.0,4224.0
30.0,31.0,1.0,441.468,2.832153846153846,37.508923076923075,81.0836923076923,1944.0,2245.5538461538463,2665.353846153846,3303.5538461538463,3580.5538461538463,3651.4461538461537,3794.2153846153847,3963.0,4066.4615384615386,4224.0,5568.0,4224.0
30.0,32.0,1.0,440.46955223880593,2.751716417910448,36.38731343283582,81.92507462686568,1936.1194029850747,2258.89552238806,2683.6119402985073,3310.7014925373132,3596.89552238806,3689.5522388059703,3824.2388059701493,3993.716417910448,4147.582089552238,4224.0,5568.0,4224.0
30.0,33.0,1.0,437.67400000000004,2.7443846153846154,36.01692307692308,80.19246153846154,1922.8307692307692,2229.723076923077,2650.5846153846155,3261.353846153846,3550.0307692307692,3640.6153846153848,3770.5846153846155,3930.6923076923076,4038.892307692308,3968.0,5548.307692307692,4224.0
30.0,34.0,1.0,433.5001538461538,2.751846153846154,34.17969230769231,78.40984615384616,1922.5846153846153,2226.7384615384617,2641.076923076923,3245.2,3526.4,3614.0307692307692,3759.753846153846,3901.369230769231,4019.2,3968.0,5524.676923076923,4224.0
30.0,35.0,1.0,429.3128787878788,2.8325,33.92348484848485,79.02136363636363,1924.8484848484848,2246.181818181818,2664.8939393939395,3291.818181818182,3556.848484848485,3631.5151515151515,3756.6060606060605,3938.181818181818,4041.6969696969695,4224.0,5577.69696969697,4268.606060606061
30.0,36.0,1.0,425.09373134328354,2.774925373134328,31.230447761194032,81.47388059701493,1914.9850746268658,2231.3283582089553,2665.1194029850744,3315.2388059701493,3626.9850746268658,3688.597014925373,3852.417910447761,3998.5223880597014,4181.9701492537315,4224.0,5536.0,4255.522388059701
30.0,37.0,1.0,423.0263076923077,2.7014615384615386,32.36323076923077,79.10969230769231,1889.2307692307693,2241.4461538461537,2666.6,3321.2153846153847,3634.2153846153847,3699.6923076923076,3868.5538461538463,4010.646153846154,4145.2307692307695,4224.0,5514.338461538461,4197.415384615385
30.0,38.0,1.0,421.75591836734696,2.648469387755102,31.79285714285714,78.31061224489797,1929.469387755102,2206.7755102040815,2618.469387755102,3259.1020408163267,3580.081632653061,3640.816326530612,3755.1020408163267,3909.8979591836733,4077.714285714286,4224.0,5462.857142857143,4191.34693877551
30.0,39.0,1.0,420.963,2.75,30.130000000000003,80.226,1920.0,2452.6,2955.3,3671.2,3904.0,4000.0,4096.0,4366.3,4480.0,3968.0,5824.0,4608.0
31.0,23.0,1.0,433.79200000000003,3.128,31.446000000000005,74.494,1800.0,2033.4,2416.6,2953.6,3296.0,3360.0,3488.0,3596.0,3712.0,3712.0,5184.0,3968.0
31.0,24.0,1.0,435.884367816092,3.0475862068965514,34.02965517241379,69.45977011494253,1824.8275862068965,2070.0459770114944,2457.1954022988507,3023.8505747126437,3282.7586206896553,3368.0919540229884,3490.206896551724,3621.862068965517,3759.080459770115,3712.0,5313.471264367816,4041.5632183908046
31.0,25.0,1.0,439.08421875,3.119921875,36.01796875,70.08546875,1867.0,2134.140625,2537.296875,3127.625,3371.0,3454.0,3585.0,3735.328125,3880.0,3968.0,5440.0,4224.0
31.0,26.0,1.0,441.17253968253965,3.1404761904761904,35.333492063492066,71.48492063492064,1878.2222222222222,2148.4920634920636,2531.968253968254,3103.4761904761904,3349.84126984127,3424.0,3552.0,3721.4920634920636,3781.0793650793653,3968.0,5440.0,4224.0
31.0,27.0,1.0,441.7563157894737,3.1085087719298246,34.066842105263156,74.7219298245614,1894.3157894736842,2158.2631578947367,2553.7017543859647,3142.40350877193,3392.561403508772,3456.561403508772,3602.5263157894738,3759.7017543859647,3896.1403508771928,3968.0,5478.175438596491,4224.0
31.0,28.0,1.0,441.70661538461536,2.937153846153846,36.844307692307694,78.51676923076923,1914.7076923076922,2225.6153846153848,2635.630769230769,3251.4615384615386,3530.3384615384616,3609.107692307692,3728.246153846154,3894.2,3968.0,3968.0,5568.0,4224.0
31.0,29.0,1.0,441.49,2.8078787878787876,38.138939393939395,81.39803030303031,1928.0,2221.060606060606,2634.6060606060605,3258.878787878788,3539.3939393939395,3606.3030303030305,3735.2727272727275,3888.7727272727275,3968.0,3968.0,5568.0,4224.0
31.0,30.0,1.0,441.16615384615386,2.7736153846153844,38.49046153846154,81.5456923076923,1935.3846153846155,2235.3076923076924,2652.0,3271.8153846153846,3544.123076923077,3616.0,3776.492307692308,3921.2,3968.0,3968.0,5568.0,4224.0
31.0,31.0,1.0,440.1152307692307,2.8284615384615384,37.95984615384615,79.40446153846153,1930.4615384615386,2236.5846153846155,2660.6615384615384,3291.6153846153848,3569.723076923077,3651.4461538461537,3789.2923076923075,3941.2,4007.3846153846152,3968.0,5568.0,4224.0
31.0,32.0,1.0,437.9872307692308,2.8430769230769233,35.888000000000005,77.44661538461538,1916.923076923077,2221.369230769231,2650.123076923077,3273.5538461538463,3535.2615384615383,3612.0615384615385,3770.5846153846155,3918.9846153846156,3995.5692307692307,3968.0,5560.123076923077,4224.0
31.0,33.0,1.0,434.38358208955225,2.7700746268656715,34.99850746268657,79.81223880597015,1928.0,2248.0149253731342,2655.5373134328356,3272.2388059701493,3552.0,3625.5522388059703,3756.417910447761,3920.492537313433,4044.417910447761,3968.0,5533.611940298508,4262.20895522388
31.0,34.0,1.0,430.18923076923073,2.867769230769231,34.41061538461538,81.85969230769231,1914.7076923076922,2240.3230769230768,2653.123076923077,3274.5538461538463,3551.0153846153844,3633.723076923077,3785.353846153846,3940.369230769231,4050.7076923076925,3968.0,5548.307692307692,4231.876923076923
31.0,35.0,1.0,425.9076923076923,2.694769230769231,32.16815384615384,80.16199999999999,1904.0,2232.153846153846,2681.3384615384616,3348.5692307692307,3651.9384615384615,3763.6923076923076,3907.9384615384615,4063.1384615384613,4184.615384615385,4224.0,5474.953846153846,4236.8
31.0,36.0,1.0,422.4588059701493,2.533283582089552,30.550298507462685,79.28761194029852,1904.0,2228.4477611940297,2675.1641791044776,3337.1492537313434,3630.805970149254,3734.4477611940297,3926.9253731343283,4085.089552238806,4224.0,4224.0,5435.701492537313,4175.2835820895525
31.0,37.0,1.0,420.41432835820893,2.545,26.51910447761194,76.05820895522388,1913.55223880597,2239.9253731343283,2674.5522388059703,3337.1194029850744,3621.2537313432836,3735.402985074627,3896.3582089552237,4023.5671641791046,4159.044776119403,4224.0,5587.582089552238,4305.194029850746
31.0,38.0,1.0,418.5230882352941,2.460294117647059,30.27544117647059,78.16529411764705,1926.5882352941176,2226.1323529411766,2657.1617647058824,3300.5,3599.0588235294117,3676.235294117647,3828.705882352941,3966.455882352941,4099.764705882353,4224.0,5553.882352941177,4289.882352941177
31.0,39.0,1.0,417.65090909090907,2.475,34.654545454545456,83.53318181818182,1872.0,2339.1363636363635,2784.4545454545455,3434.6363636363635,3758.5454545454545,3773.090909090909,3909.818181818182,4102.863636363636,4224.0,3968.0,5594.181818181818,4450.909090909091
32.0,24.0,1.0,435.98129032258066,3.063225806451613,33.36387096774193,71.24193548387096,1807.225806451613,2040.5483870967741,2419.1612903225805,3001.3548387096776,3256.7741935483873,3302.1935483870966,3430.1935483870966,3578.6129032258063,3712.0,3712.0,5184.0,3968.0
32.0,25.0,1.0,438.04949999999997,3.0585375,34.971625,74.55625,1839.4,2103.7,2485.925,3052.4125,3303.2,3385.6,3531.2,3661.875,3782.4,3712.0,5331.2,4112.0
32.0,26.0,1.0,440.47771929824563,3.102719298245614,34.0559649122807,77.95859649122808,1867.3684210526317,2138.122807017544,2515.561403508772,3080.122807017544,3318.4561403508774,3391.438596491228,3539.6491228070176,3689.0701754385964,3752.4210526315787,3712.0,5440.0,4224.0
32.0,27.0,1.0,441.1142857142857,3.103253968253968,34.440317460317466,80.92968253968253,1881.5238095238096,2146.4603174603176,2534.2063492063494,3118.8253968253966,3358.9841269841268,3448.3809523809523,3580.4444444444443,3722.3015873015875,3846.095238095238,3968.0,5474.539682539683,4224.0
32.0,28.0,1.0,441.22,2.97359375,37.18515625,80.20015625,1901.25,2179.109375,2586.0,3198.421875,3486.0,3542.0,3708.0,3836.515625,3968.0,3968.0,5568.0,4224.0
32.0,29.0,1.0,441.0063636363637,2.9375,37.95484848484848,78.07151515151516,1923.878787878788,2215.8636363636365,2639.287878787879,3268.1666666666665,3564.6060606060605,3610.181818181818,3776.969696969697,3914.4848484848485,3968.0,3968.0,5568.0,4224.0
32.0,30.0,1.0,440.0271875,2.882734375,37.80984375,77.34453125,1948.75,2241.109375,2658.109375,3290.328125,3559.0,3642.0,3775.0,3938.125,4008.0,3968.0,5568.0,4224.0
32.0,31.0,1.0,438.6676119402985,2.7713432835820897,37.08641791044776,79.99164179104477,1949.9701492537313,2277.283582089552,2716.0149253731342,3346.0,3636.0597014925374,3692.417910447761,3830.9253731343283,4011.1194029850744,4105.55223880597,4224.0,5589.014925373134,4288.955223880597
32.0,32.0,1.0,435.6243076923077,2.8126153846153845,36.72723076923077,82.46553846153847,1938.5846153846153,2271.0,2692.6153846153848,3356.723076923077,3643.5692307692307,3729.230769230769,3868.0615384615385,4026.6923076923076,4157.046153846154,4224.0,5548.307692307692,4302.7692307692305
32.0,33.0,1.0,431.53476190476187,2.760952380952381,36.083015873015874,81.79238095238095,1936.6349206349207,2248.3968253968255,2663.126984126984,3302.095238095238,3636.3174603174602,3704.3809523809523,3854.7301587301586,3968.3809523809523,4138.666666666667,4224.0,5488.761904761905,4260.571428571428
32.0,34.0,1.0,426.8121212121212,2.708257575757576,32.81636363636364,80.53424242424242,1909.3333333333333,2211.8030303030305,2628.5,3279.318181818182,3584.969696969697,3648.969696969697,3812.848484848485,3943.939393939394,4138.666666666667,4224.0,5536.969696969697,4224.0
32.0,35.0,1.0,422.62636363636364,2.624848484848485,30.421818181818182,77.34878787878789,1892.3636363636363,2192.969696969697,2631.1666666666665,3300.181818181818,3574.3030303030305,3665.4545454545455,3822.5454545454545,3965.212121212121,4111.515151515152,4224.0,5487.515151515152,4187.151515151515
32.0,36.0,1.0,418.82615384615383,2.489692307692308,29.025384615384617,77.32384615384616,1914.8307692307692,2253.8,2690.476923076923,3376.892307692308,3661.7846153846153,3754.8307692307694,3884.3076923076924,4067.1692307692306,4224.0,4224.0,5556.676923076923,4262.4
32.0,37.0,1.0,417.6855384615385,2.346923076923077,30.15569230769231,78.52046153846153,1958.6461538461538,2297.5384615384614,2746.3846153846152,3436.723076923077,3736.6153846153848,3829.6615384615384,3992.6153846153848,4125.876923076923,4247.630769230769,4224.0,5646.276923076923,4311.630769230769
32.0,38.0,1.0,416.8189552238806,2.216865671641791,38.41343283582089,82.31074626865671,1943.641791044776,2246.3582089552237,2683.6567164179105,3331.2985074626868,3688.1194029850744,3775.5223880597014,3936.4776119402986,4074.5671641791046,4243.104477611941,4224.0,5561.79104477612,4307.104477611941
32.0,39.0,1.0,416.92,2.0833333333333335,36.29666666666667,82.205,1891.5555555555557,2400.1111111111113,2870.722222222222,3536.722222222222,3896.8888888888887,3943.1111111111113,4117.333333333333,4345.277777777777,4437.333333333333,3968.0,5447.111111111111,4316.444444444444
33.0,25.0,1.0,437.88852941176475,3.0891176470588237,32.96573529411765,75.76764705882353,1826.1176470588234,2065.735294117647,2439.1617647058824,2999.3823529411766,3273.4117647058824,3347.764705882353,3462.5882352941176,3580.926470588235,3712.0,3712.0,5229.176470588235,4020.705882352941
33.0,26.0,1.0,439.2749253731343,3.083358208955224,33.59507462686567,76.9010447761194,1852.5373134328358,2128.9402985074626,2512.134328358209,3090.7611940298507,3376.2388059701493,3444.0597014925374,3574.9253731343283,3713.7611940298507,3830.4477611940297,3968.0,5420.895522388059,4224.0
33.0,27.0,1.0,439.98499999999996,3.130454545454546,36.05287878787878,74.92848484848484,1864.0,2149.3030303030305,2545.287878787879,3138.1060606060605,3399.757575757576,3463.757575757576,3598.5454545454545,3756.5151515151515,3909.818181818182,3968.0,5467.151515151515,4224.0
33.0,28.0,1.0,440.10055555555556,3.0156944444444442,36.221111111111114,76.76296296296296,1870.0740740740741,2139.9074074074074,2532.0185185185187,3145.046296296296,3380.740740740741,3472.0,3609.4814814814813,3789.6666666666665,3858.962962962963,3968.0,5411.555555555556,4224.0
33.0,29.0,1.0,440.2290769230769,2.946384615384616,36.350461538461545,79.97061538461539,1929.9692307692308,2217.4307692307693,2636.923076923077,3273.076923076923,3552.9846153846156,3608.123076923077,3787.3230769230768,3938.892307692308,4046.769230769231,3968.0,5571.9384615384615,4302.7692307692305
33.0,30.0,1.0,439.56257575757576,2.6099242424242424,36.17727272727272,84.24303030303031,2001.939393939394,2390.8939393939395,2872.3939393939395,3567.1060606060605,3878.787878787879,3967.030303030303,4096.0,4253.409090909091,4332.606060606061,4480.0,5686.30303030303,4429.575757575758
33.0,31.0,1.0,437.1121212121212,2.4456060606060603,35.800909090909094,84.78090909090909,2012.8484848484848,2389.939393939394,2897.060606060606,3605.0757575757575,3936.0,4009.6969696969695,4172.606060606061,4335.318181818182,4402.424242424242,4480.0,5645.575757575758,4402.424242424242
33.0,32.0,1.0,433.2701123595506,2.5991011235955055,36.050898876404496,83.87741573033708,1950.4719101123596,2316.561797752809,2775.2022471910113,3442.561797752809,3713.078651685393,3771.325842696629,3923.0561797752807,4142.573033707865,4224.0,4224.0,5440.0,4224.0
33.0,33.0,1.0,429.3812941176471,2.8289411764705883,33.60211764705882,82.02282352941177,1902.2117647058824,2228.1882352941175,2676.8470588235296,3315.788235294118,3616.0,3676.235294117647,3847.9058823529413,4033.823529411765,4103.529411764706,4224.0,5494.211764705882,4272.1882352941175
33.0,34.0,1.0,424.61954545454546,2.778030303030303,32.515,79.11500000000001,1885.3333333333333,2180.318181818182,2609.0,3244.560606060606,3526.787878787879,3604.3636363636365,3738.181818181818,3907.4545454545455,4053.3333333333335,3968.0,5511.757575757576,4224.0
33.0,35.0,1.0,418.99283582089555,2.498955223880597,30.37268656716418,79.93537313432836,1901.6119402985075,2210.283582089552,2650.6716417910447,3315.3283582089553,3583.044776119403,3675.223880597015,3850.507462686567,4006.089552238806,4170.507462686567,4224.0,5529.313432835821,4230.686567164179
33.0,36.0,1.0,416.6560317460317,2.0221428571428572,33.66063492063492,81.9088888888889,1993.904761904762,2341.8571428571427,2798.714285714286,3489.2380952380954,3828.8253968253966,3919.746031746032,4054.3492063492063,4226.126984126984,4402.793650793651,4480.0,5650.793650793651,4336.761904761905
33.0,37.0,1.0,416.4385074626866,1.837686567164179,34.47820895522388,83.32268656716418,2043.9402985074628,2442.820895522388,2907.910447761194,3615.731343283582,3921.194029850746,3996.179104477612,4160.0,4351.567164179104,4480.0,4480.0,5715.582089552238,4410.268656716418
33.0,38.0,1.0,416.7821641791045,2.1536194029850746,32.30067164179104,78.09164179104478,1977.313432835821,2329.768656716418,2794.216417910448,3460.791044776119,3720.597014925373,3832.8358208955224,4017.6716417910447,4224.992537313433,4271.761194029851,4480.0,5497.313432835821,4178.149253731343
33.0,39.0,1.0,417.43549999999993,2.2165,38.517,79.6175,1899.2,2507.45,3006.3,3667.35,3814.4,3968.0,4192.0,4524.4,4377.6,4224.0,5446.4,4217.6
34.0,26.0,1.0,438.1765384615384,3.0471794871794873,31.796923076923076,72.91487179487179,1842.871794871795,2088.2948717948716,2477.5384615384614,3056.0897435897436,3320.6153846153848,3393.641025641026,3537.230769230769,3666.3205128205127,3803.897435897436,3968.0,5353.025641025641,4132.102564102564
34.0,27.0,1.0,439.05957746478873,2.9619718309859158,34.52535211267606,75.81183098591549,1884.056338028169,2182.492957746479,2580.676056338028,3202.8591549295775,3498.8169014084506,3550.1971830985917,3715.154929577465,3847.1408450704225,3917.521126760563,3968.0,5522.929577464789,4224.0
34.0,28.0,1.0,439.4197752808989,2.810674157303371,33.04741573033708,80.41426966292134,1876.2247191011236,2182.4269662921347,2606.6853932584268,3242.078651685393,3512.449438202247,3570.696629213483,3717.3932584269664,3879.808988764045,4031.2808988764045,3968.0,5379.595505617977,4177.9775280898875
34.0,29.0,1.0,439.4044871794872,2.5333205128205125,34.512948717948724,83.89397435897436,1953.4358974358975,2360.641025641026,2846.9102564102564,3561.423076923077,3873.641025641026,3965.5384615384614,4137.025641025641,4310.410256410257,4447.179487179487,4480.0,5620.51282051282,4388.102564102564
34.0,30.0,1.0,438.156875,2.45640625,35.64578125,85.00734375,2010.25,2413.453125,2915.375,3639.03125,3998.0,4067.0,4243.0,4379.953125,4556.0,4480.0,5672.0,4424.0
34.0,31.0,1.0,435.8557142857143,2.474857142857143,36.76842857142857,86.99514285714285,1984.6857142857143,2400.9714285714285,2896.157142857143,3586.4857142857145,3903.0857142857144,3986.285714285714,4137.142857142857,4304.471428571429,4421.4857142857145,4480.0,5611.885714285714,4436.114285714286
34.0,32.0,1.0,432.76433333333335,2.7467222222222225,35.88722222222222,83.13922222222222,1910.4,2234.588888888889,2665.788888888889,3308.6444444444446,3524.266666666667,3646.5777777777776,3776.0,3999.266666666667,4064.711111111111,4224.0,5388.8,4224.0
34.0,33.0,1.0,428.35187499999995,2.951339285714286,33.81071428571429,81.52071428571428,1863.857142857143,2121.401785714286,2526.276785714286,3153.7678571428573,3407.4285714285716,3505.1428571428573,3638.285714285714,3825.7589285714284,3968.0,3968.0,5320.0,4180.571428571428
34.0,34.0,1.0,424.77211382113825,2.7345528455284556,29.87349593495935,79.7908943089431,1888.5853658536585,2156.0243902439024,2586.1138211382113,3244.528455284553,3511.4146341463415,3595.1869918699185,3742.959349593496,3952.2926829268295,3992.9756097560976,3968.0,5378.6016260162605,4144.910569105691
34.0,35.0,1.0,418.5872463768116,2.414927536231884,29.835797101449277,80.91217391304347,1916.5217391304348,2201.289855072464,2652.2753623188405,3326.0434782608695,3631.304347826087,3709.68115942029,3863.1884057971015,4019.289855072464,4190.608695652174,4224.0,5524.869565217391,4228.63768115942
34.0,36.0,1.0,416.37808510638297,2.016,33.560425531914895,83.96787234042554,1994.212765957447,2371.372340425532,2838.808510638298,3542.978723404255,3852.255319148936,3950.2978723404253,4076.936170212766,4272.053191489362,4403.744680851064,4480.0,5564.595744680851,4252.595744680851
34.0,37.0,1.0,416.0779411764706,1.9676470588235295,36.43000000000001,85.05323529411764,2042.3529411764705,2381.764705882353,2855.1911764705883,3538.823529411765,3858.823529411765,3925.6470588235293,4111.058823529412,4260.588235294118,4427.294117647059,4480.0,5660.235294117647,4348.235294117647
34.0,38.0,1.0,416.76268292682926,1.9193902439024388,35.027073170731704,82.90536585365854,2020.2926829268292,2338.2926829268295,2833.6341463414633,3536.2926829268295,3835.317073170732,3946.9268292682927,4122.536585365854,4266.756097560976,4480.0,4480.0,5664.0,4288.0
34.0,39.0,1.0,417.155,1.825,35.75,83.85,1936.0,2452.0,2970.0,3566.0,4032.0,4192.0,4288.0,4398.0,4736.0,3968.0,5856.0,4544.0
35.0,26.0,1.0,436.9392537313433,2.796194029850746,34.954328358208954,77.06537313432835,1841.910447761194,2091.0746268656717,2496.3880597014927,3065.0298507462685,3370.9850746268658,3422.5671641791046,3590.208955223881,3684.0149253731342,3923.10447761194,3968.0,5260.417910447762,4044.417910447761
35.0,27.0,1.0,437.6173015873016,2.654047619047619,36.67888888888889,82.2104761904762,1886.4761904761904,2243.5396825396824,2687.904761904762,3332.253968253968,3630.7301587301586,3686.6031746031745,3827.3015873015875,3997.2380952380954,4164.063492063492,4224.0,5476.571428571428,4224.0
35.0,28.0,1.0,438.2844615384615,2.685846153846154,36.97507692307693,82.60292307692309,1901.9076923076923,2226.5538461538463,2671.7076923076925,3327.153846153846,3611.076923076923,3700.6769230769232,3843.4461538461537,3995.0615384615385,4090.0923076923077,4224.0,5501.046153846154,4224.0
35.0,29.0,1.0,438.0263235294118,2.660441176470588,37.48970588235294,84.80558823529411,1914.8235294117646,2246.970588235294,2694.264705882353,3356.323529411765,3653.6470588235293,3747.764705882353,3861.6470588235293,4045.4117647058824,4161.882352941177,4224.0,5462.588235294118,4224.0
35.0,30.0,1.0,437.2504347826087,2.6668115942028985,37.14057971014493,84.62927536231884,1940.8695652173913,2290.463768115942,2746.304347826087,3412.5797101449275,3703.6521739130435,3763.942028985507,3929.5072463768115,4100.797101449275,4200.811594202899,4224.0,5482.666666666667,4224.0
35.0,31.0,1.0,434.9704545454545,2.7593939393939393,36.94151515151515,85.69227272727272,1925.8181818181818,2228.560606060606,2659.4242424242425,3282.8939393939395,3584.969696969697,3629.5757575757575,3811.878787878788,3951.6666666666665,4088.242424242424,4224.0,5414.787878787879,4224.0
35.0,32.0,1.0,432.37301587301585,2.8541269841269843,36.28142857142857,84.76428571428572,1879.7460317460318,2173.4126984126983,2576.968253968254,3187.031746031746,3451.4285714285716,3530.6666666666665,3680.0,3833.0793650793653,3955.809523809524,3968.0,5374.984126984127,4224.0
35.0,33.0,1.0,428.56242424242424,2.7525757575757575,29.46530303030303,80.4430303030303,1893.090909090909,2213.8333333333335,2647.9848484848485,3314.0757575757575,3591.757575757576,3680.0,3831.2727272727275,3997.469696969697,4111.515151515152,4224.0,5527.272727272727,4224.0
35.0,34.0,1.0,424.4622388059702,2.781492537313433,25.048059701492537,78.49462686567165,1901.3731343283582,2228.865671641791,2675.4626865671644,3349.9850746268658,3630.805970149254,3728.2388059701493,3871.044776119403,4032.8805970149256,4102.686567164179,4224.0,5573.731343283582,4224.0
35.0,35.0,1.0,418.40639705882353,2.682389705882353,31.75345588235294,79.52448529411765,1899.764705882353,2213.7132352941176,2658.25,3335.176470588235,3622.823529411765,3696.0,3838.1176470588234,4049.485294117647,4163.764705882353,4224.0,5433.64705882353,4204.705882352941
35.0,36.0,1.0,416.69428571428574,2.3093367346938773,32.28918367346939,82.41520408163265,1965.7142857142858,2322.908163265306,2777.5714285714284,3464.683673469388,3733.2244897959185,3862.8571428571427,4045.061224489796,4211.357142857143,4291.918367346939,4224.0,5541.551020408163,4239.0204081632655
35.0,37.0,1.0,415.86223880597015,2.1605223880597015,35.87656716417911,83.7144776119403,2032.4776119402984,2331.9701492537315,2772.865671641791,3444.7611940298507,3750.686567164179,3862.4477611940297,4012.89552238806,4153.522388059701,4224.0,4224.0,5564.179104477612,4245.014925373134
35.0,38.0,1.0,415.9633333333333,2.134423076923077,35.33833333333333,77.58205128205128,2025.4358974358975,2327.6794871794873,2770.6794871794873,3430.4102564102564,3747.2820512820513,3851.4871794871797,4007.3846153846152,4152.7307692307695,4296.205128205128,4480.0,5566.358974358975,4240.410256410257
35.0,39.0,1.0,416.35473684210524,2.1181578947368425,34.26157894736842,74.82631578947368,1984.842105263158,2396.684210526316,2842.9473684210525,3484.157894736842,3705.2631578947367,3828.2105263157896,4058.9473684210525,4328.421052631579,4345.263157894737,4224.0,5536.0,4328.421052631579
36.0,26.0,1.0,432.48677966101695,2.7985593220338987,34.20271186440678,77.9577966101695,1840.0,2069.5254237288136,2472.898305084746,3056.9830508474574,3346.4406779661017,3411.5254237288136,3561.762711864407,3697.0508474576272,3817.2203389830506,3968.0,5184.0,3968.0
36.0,27.0,1.0,434.8879104477612,2.796865671641791,35.55417910447761,81.65611940298507,1872.0,2219.4776119402986,2660.9701492537315,3295.955223880597,3602.1492537313434,3691.9402985074626,3800.3582089552237,3960.955223880597,4108.417910447762,4224.0,5453.373134328358,4224.0
36.0,28.0,1.0,437.09484375,2.786953125,36.82578125,82.849375,1904.0,2218.140625,2662.65625,3322.234375,3620.0,3668.0,3843.0,3987.125,4154.0,4224.0,5508.0,4224.0
36.0,29.0,1.0,437.4398484848485,2.8456060606060607,36.85030303030303,85.09863636363637,1904.0,2220.469696969697,2648.1363636363635,3273.6666666666665,3564.6060606060605,3648.0,3784.7272727272725,3939.2727272727275,4057.212121212121,4224.0,5440.0,4224.0
36.0,30.0,1.0,436.51892307692304,2.826076923076923,36.88584615384615,85.9426153846154,1904.0,2225.9538461538464,2646.9076923076923,3290.492307692308,3561.353846153846,3648.0,3793.230769230769,3950.6769230769232,4055.630769230769,3968.0,5440.0,4224.0
36.0,31.0,1.0,434.596,2.8299230769230768,36.22169230769231,84.01907692307692,1904.0,2186.523076923077,2598.9846153846156,3212.1846153846154,3506.2153846153847,3565.2923076923075,3705.6,3861.6615384615384,4035.9384615384615,3968.0,5386.830769230769,4224.0
36.0,32.0,1.0,431.84923076923076,2.851,34.83338461538462,82.30600000000001,1899.076923076923,2179.0,2579.246153846154,3186.0461538461536,3468.8,3549.5384615384614,3688.8615384615387,3839.4153846153845,3953.230769230769,3968.0,5390.7692307692305,4224.0
36.0,33.0,1.0,427.04815384615387,2.739,27.800923076923077,80.37876923076922,1904.0,2247.1384615384613,2693.8,3375.8,3693.2923076923075,3744.492307692308,3900.5538461538463,4059.3230769230768,4148.184615384615,4224.0,5556.184615384615,4224.0
36.0,34.0,1.0,424.6637313432836,2.6795522388059703,30.35776119402985,80.0734328358209,1904.0,2210.4626865671644,2629.865671641791,3282.0746268656717,3615.5223880597014,3680.4776119402986,3824.2388059701493,3978.0746268656717,4140.895522388059,4224.0,5516.417910447762,4224.0
36.0,35.0,1.0,421.7537894736842,2.686526315789474,30.602631578947367,79.68947368421053,1904.0,2210.4842105263156,2634.2842105263157,3295.1894736842105,3599.8315789473686,3677.978947368421,3806.9894736842107,3976.452631578947,4145.852631578948,4224.0,5499.284210526316,4224.0
36.0,36.0,1.0,418.82092592592596,2.714398148148148,30.99638888888889,80.65537037037038,1964.4444444444443,2269.787037037037,2718.037037037037,3412.3981481481483,3698.3703703703704,3797.3333333333335,3969.185185185185,4146.148148148148,4259.555555555556,4224.0,5556.148148148148,4271.407407407408
36.0,37.0,1.0,416.6423880597015,2.0928358208955222,33.16522388059702,80.91000000000001,2046.3283582089553,2405.865671641791,2872.313432835821,3590.5223880597014,3925.492537313433,4021.0149253731342,4167.641791044776,4345.5970149253735,4499.104477611941,4480.0,5732.298507462687,4384.477611940299
36.0,38.0,1.0,416.0876470588235,1.9495588235294117,34.586176470588235,81.30705882352942,2047.5294117647059,2396.8088235294117,2866.0,3534.8529411764707,3891.764705882353,3967.0588235294117,4135.529411764706,4285.808823529412,4404.705882352941,4480.0,5630.117647058823,4310.588235294118
36.0,39.0,1.0,415.98893617021275,2.1031914893617025,34.43627659574468,77.48223404255319,1961.531914893617,2403.968085106383,2839.7340425531916,3500.244680851064,3789.6170212765956,3876.0851063829787,4056.5106382978724,4209.021276595745,4327.489361702128,4224.0,5595.234042553191,4300.255319148936
37.0,26.0,1.0,428.2907843137255,2.8660784313725487,32.53,76.35450980392157,1861.3333333333333,2066.6666666666665,2462.529411764706,3058.921568627451,3349.3333333333335,3399.529411764706,3555.764705882353,3698.5098039215686,3866.3529411764707,3968.0,5184.0,3968.0
37.0,27.0,1.0,431.03388059701496,2.9419402985074625,35.8810447761194,81.1534328358209,1876.7761194029852,2220.5522388059703,2655.5373134328356,3308.3432835820895,3588.776119402985,3674.7462686567164,3796.5373134328356,3969.4626865671644,4058.7462686567164,4224.0,5440.0,4224.0
37.0,28.0,1.0,435.00545454545454,2.932272727272727,36.207727272727276,83.79151515151514,1904.0,2216.5757575757575,2648.6363636363635,3300.378787878788,3599.5151515151515,3712.0,3838.060606060606,3962.2272727272725,4096.0,4224.0,5440.0,4224.0
37.0,29.0,1.0,436.97545454545457,3.003030303030303,34.858939393939394,85.04439393939394,1904.0,2237.0757575757575,2657.6060606060605,3295.8333333333335,3580.121212121212,3684.848484848485,3805.090909090909,3964.151515151515,4068.848484848485,4224.0,5463.272727272727,4224.0
37.0,30.0,1.0,436.18567164179103,2.8719402985074627,35.92208955223881,85.15447761194031,1904.0,2218.4328358208954,2624.791044776119,3253.1492537313434,3535.283582089552,3594.507462686567,3743.044776119403,3916.194029850746,4032.0,3968.0,5422.805970149254,4224.0
37.0,31.0,1.0,433.6340298507463,2.879179104477612,36.150298507462686,85.07925373134329,1904.0,2201.5373134328356,2612.3880597014927,3225.731343283582,3508.5373134328356,3588.776119402985,3736.3582089552237,3874.9850746268658,4001.4328358208954,3968.0,5428.537313432836,4224.0
37.0,32.0,1.0,430.210945945946,2.8548648648648647,33.87797297297297,82.06716216216216,1904.0,2234.027027027027,2656.472972972973,3289.5810810810813,3570.162162162162,3656.6486486486488,3799.3513513513512,3965.027027027027,4056.2162162162163,3968.0,5490.1621621621625,4224.0
37.0,33.0,1.0,425.85243902439026,2.6950000000000003,30.92768292682927,79.64853658536586,1885.2682926829268,2190.8414634146343,2603.317073170732,3247.0853658536585,3504.390243902439,3608.9756097560976,3758.829268292683,3927.878048780488,4067.9024390243903,3968.0,5440.0,4224.0
37.0,34.0,1.0,424.5744776119403,2.6244776119402986,32.445671641791044,79.45388059701493,1872.0,2160.731343283582,2562.9402985074626,3190.582089552239,3493.2537313432836,3565.8507462686566,3736.3582089552237,3868.10447761194,4005.2537313432836,3968.0,5413.253731343284,4224.0
37.0,35.0,1.0,424.1042647058824,2.6876470588235293,32.25235294117647,80.16235294117647,1888.4705882352941,2115.735294117647,2521.294117647059,3140.6911764705883,3459.764705882353,3527.529411764706,3700.705882352941,3826.0882352941176,3968.0,3968.0,5336.470588235294,4126.117647058823
37.0,36.0,1.0,421.52602941176474,2.5101470588235295,31.237205882352942,81.2460294117647,1931.764705882353,2297.0,2738.044117647059,3422.794117647059,3745.8823529411766,3843.764705882353,4024.470588235294,4150.044117647059,4272.941176470588,4224.0,5598.117647058823,4224.0
37.0,37.0,1.0,417.2773728813559,2.3671186440677965,31.581610169491526,79.40906779661017,1982.915254237288,2310.8813559322034,2754.8474576271187,3412.1525423728813,3653.423728813559,3817.2203389830506,3981.0169491525426,4202.067796610169,4265.220338983051,4480.0,5377.0847457627115,4028.7457627118642
37.0,38.0,1.0,416.0353846153846,2.0312393162393163,33.25880341880342,75.85333333333334,1962.5299145299145,2334.2735042735044,2767.3931623931626,3416.017094017094,3726.4957264957266,3854.4957264957266,4005.74358974359,4133.2307692307695,4331.213675213675,4480.0,5529.709401709401,4224.0
37.0,39.0,1.0,416.01,2.025,35.5,82.0325,1872.0,2496.0,2943.0,3618.0,3744.0,3808.0,3904.0,4414.0,4224.0,3712.0,5312.0,4224.0
38.0,26.0,1.0,425.8932142857143,2.5451785714285715,31.514821428571427,77.91428571428571,1870.2857142857142,2059.875,2442.535714285714,3031.75,3302.8571428571427,3392.0,3530.285714285714,3667.3928571428573,3814.8571428571427,3968.0,5184.0,4045.714285714286
38.0,27.0,1.0,427.27746268656716,2.7273134328358206,34.037761194029855,85.34462686567164,1893.4925373134329,2240.507462686567,2674.3432835820895,3327.5223880597014,3625.0746268656717,3680.4776119402986,3832.8358208955224,4002.776119402985,4117.9701492537315,4224.0,5487.761194029851,4224.0
38.0,28.0,1.0,433.160606060606,3.0323484848484847,36.06136363636364,84.13954545454546,1904.0,2245.681818181818,2666.9848484848485,3308.0,3597.5757575757575,3686.787878787879,3819.6363636363635,3965.0454545454545,4090.181818181818,4224.0,5440.0,4224.0
38.0,29.0,1.0,436.754375,2.9089375,32.706,82.183875,1888.4,2203.35,2633.2125,3257.3875,3580.8,3654.4,3796.0,3907.9625,4092.8,4224.0,5424.0,4224.0
38.0,30.0,1.0,435.7505208333334,3.0131770833333333,32.525,81.21989583333333,1864.3333333333333,2195.3229166666665,2620.1770833333335,3248.1145833333335,3424.0,3554.6666666666665,3706.6666666666665,3934.59375,4009.3333333333335,3968.0,5246.666666666667,4088.0
38.0,31.0,1.0,433.5068656716418,2.915597014925373,35.22179104477612,80.9031343283582,1904.0,2230.6716417910447,2640.8507462686566,3275.3582089552237,3554.3880597014927,3648.0,3772.6567164179105,3947.7462686567164,4058.7462686567164,3968.0,5440.0,4224.0
38.0,32.0,1.0,428.64911504424776,2.8455309734513277,30.21938053097345,79.55778761061947,1874.8318584070796,2196.212389380531,2623.0530973451328,3261.8938053097345,3479.221238938053,3558.5132743362833,3752.495575221239,3958.8938053097345,4043.3274336283184,3968.0,5355.04424778761,4126.58407079646
38.0,33.0,1.0,425.37006097560976,2.6349390243902437,30.750426829268292,79.10371951219513,1845.2682926829268,2168.378048780488,2601.1585365853657,3255.6951219512193,3495.0243902439024,3585.560975609756,3749.0731707317073,3961.6463414634145,4039.0243902439024,3968.0,5282.341463414634,4180.292682926829
38.0,34.0,1.0,424.4087096774194,2.564731182795699,33.520860215053766,78.587311827957,1872.0,2180.032258064516,2603.8817204301076,3243.1827956989246,3493.8494623655915,3586.064516129032,3779.7849462365593,3930.7956989247314,4060.9032258064517,3968.0,5398.709677419355,4221.247311827957
38.0,35.0,1.0,423.6445945945946,2.6929054054054054,31.04756756756757,77.3981081081081,1886.7027027027027,2220.810810810811,2643.2027027027025,3285.5405405405404,3545.945945945946,3642.810810810811,3820.972972972973,4006.2567567567567,4130.594594594595,4224.0,5332.756756756757,4120.216216216216
38.0,36.0,1.0,420.27555555555557,2.6727083333333335,29.334583333333335,75.26180555555555,1934.6666666666667,2257.8194444444443,2710.3888888888887,3393.125,3729.777777777778,3811.5555555555557,3976.8888888888887,4127.597222222223,4280.888888888889,4224.0,5578.666666666667,4224.0
38.0,37.0,1.0,416.41244604316546,2.1481294964028774,31.776546762589927,75.38287769784172,1931.1654676258993,2291.978417266187,2742.05035971223,3426.0143884892086,3665.26618705036,3782.2158273381297,3949.122302158273,4174.5395683453235,4246.10071942446,4224.0,5396.719424460432,4072.978417266187
38.0,38.0,1.0,416.015,1.878939393939394,31.5330303030303,76.22136363636363,1900.121212121212,2356.121212121212,2789.909090909091,3453.212121212121,3789.5757575757575,3931.151515151515,4078.5454545454545,4198.0,4394.666666666667,4224.0,5538.909090909091,4224.0
39.0,26.0,1.0,425.32800000000003,2.5328333333333335,31.5275,76.43316666666666,1846.4,2093.15,2467.8166666666666,3054.5666666666666,3392.0,3473.0666666666666,3612.8,3688.766666666667,3895.4666666666667,3968.0,5252.266666666666,4032.0
39.0,27.0,1.0,426.6821212121212,2.4836363636363634,31.808333333333334,78.72212121212121,1904.0,2271.742424242424,2713.090909090909,3380.257575757576,3667.3939393939395,3748.848484848485,3903.030303030303,4059.6666666666665,4163.878787878788,4224.0,5533.090909090909,4224.0
39.0,28.0,1.0,431.03970588235296,3.0446323529411763,34.77220588235294,79.74529411764706,1936.0,2237.220588235294,2665.235294117647,3322.205882352941,3644.235294117647,3702.5882352941176,3840.0,3999.6470588235293,4118.588235294118,4224.0,5511.529411764706,4224.0
39.0,29.0,1.0,435.8116455696203,2.8917088607594934,31.19860759493671,79.3806329113924,1908.4556962025317,2246.215189873418,2694.025316455696,3371.518987341772,3652.8607594936707,3751.6962025316457,3889.012658227848,4056.6708860759495,4192.405063291139,4224.0,5543.696202531645,4224.0
39.0,30.0,1.0,435.52664179104477,2.967126865671642,28.861641791044775,78.62888059701493,1879.402985074627,2202.6417910447763,2651.4850746268658,3304.2388059701493,3546.7462686567164,3634.626865671642,3795.10447761194,3991.373134328358,4080.716417910448,4224.0,5339.701492537313,4195.3432835820895
39.0,31.0,1.0,432.9532835820895,3.0107462686567166,34.60208955223881,78.46223880597016,1904.0,2222.3432835820895,2642.1641791044776,3272.4776119402986,3544.8358208955224,3653.731343283582,3784.1194029850744,3944.3880597014927,4056.8358208955224,4224.0,5440.0,4224.0
39.0,32.0,1.0,427.8943846153846,2.719115384615385,30.315615384615384,76.23246153846154,1872.0,2203.4,2638.730769230769,3305.476923076923,3554.4615384615386,3654.892307692308,3786.3384615384616,3990.6153846153848,4091.076923076923,4224.0,5353.3538461538465,4119.630769230769
39.0,33.0,1.0,424.9783050847458,2.633940677966102,29.003601694915258,74.03296610169491,1863.593220338983,2206.7033898305085,2650.4406779661017,3286.3389830508477,3520.0,3599.186440677966,3793.898305084746,4001.008474576271,4074.3050847457625,3968.0,5316.338983050848,4148.067796610169
39.0,34.0,1.0,424.2069767441861,2.690232558139535,31.776162790697676,75.14348837209303,1888.0,2177.267441860465,2590.639534883721,3221.6511627906975,3503.6279069767443,3589.953488372093,3758.8837209302324,3917.732558139535,4026.046511627907,3968.0,5386.418604651163,4224.0
39.0,35.0,1.0,423.1817142857143,2.6124285714285715,30.230285714285714,75.62071428571429,1920.0,2214.4714285714285,2624.8285714285716,3260.8714285714286,3553.8285714285716,3637.942857142857,3812.5714285714284,3946.5857142857144,4077.714285714286,4224.0,5440.0,4224.0
39.0,36.0,1.0,421.18098591549295,2.6220422535211267,28.28239436619718,73.28042253521127,1930.5915492957747,2258.943661971831,2683.9718309859154,3355.3661971830984,3696.225352112676,3758.4225352112676,3922.0281690140846,4058.2957746478874,4209.577464788732,4224.0,5575.211267605634,4321.352112676056
39.0,37.0,1.0,416.98,2.248095238095238,30.61857142857143,71.95904761904762,1835.4285714285713,2347.4285714285716,2789.8571428571427,3447.809523809524,3597.714285714286,3771.4285714285716,4007.6190476190477,4199.142857142857,4272.761904761905,3968.0,5324.190476190476,4028.9523809523807
40.0,26.0,1.0,424.81823529411764,2.3759803921568627,29.524313725490195,76.19117647058823,1866.9803921568628,2094.3137254901962,2488.5098039215686,3095.176470588235,3429.6470588235293,3484.8627450980393,3639.843137254902,3719.1176470588234,3904.0,3968.0,5184.0,3968.0
40.0,27.0,1.0,425.40985294117644,2.3422058823529412,30.611470588235292,79.04588235294118,1922.8235294117646,2271.073529411765,2710.6470588235293,3399.6911764705883,3719.529411764706,3766.5882352941176,3920.0,4088.8823529411766,4231.529411764706,4224.0,5530.35294117647,4224.0
40.0,28.0,1.0,429.51089552238807,2.917462686567164,32.11402985074627,78.32194029850746,1936.0,2263.7014925373132,2702.7462686567164,3368.686567164179,3670.9253731343283,3776.0,3883.4626865671644,4057.8805970149256,4179.104477611941,4224.0,5568.0,4224.0
40.0,29.0,1.0,434.47134328358214,3.077462686567164,33.976417910447765,77.68671641791045,1936.0,2252.268656716418,2690.6567164179105,3346.4776119402986,3628.89552238806,3751.1641791044776,3892.0597014925374,4028.582089552239,4160.0,4224.0,5480.119402985075,4224.0
40.0,30.0,1.0,435.05499999999995,2.822794117647059,26.27,78.45323529411765,1921.8823529411766,2292.1470588235293,2748.455882352941,3439.279411764706,3781.6470588235293,3789.176470588235,3961.4117647058824,4127.955882352941,4229.64705882353,4224.0,5554.823529411765,4224.0
40.0,31.0,1.0,431.9197014925373,3.0302985074626867,32.424029850746265,75.50567164179104,1899.7014925373135,2226.417910447761,2650.507462686567,3298.6567164179105,3605.9701492537315,3680.4776119402986,3825.194029850746,3972.89552238806,4096.955223880597,4224.0,5462.925373134329,4224.0
40.0,32.0,1.0,426.7971028037383,2.8045327102803737,25.522616822429907,74.22700934579439,1872.0,2203.177570093458,2628.8317757009345,3286.551401869159,3531.96261682243,3683.88785046729,3858.841121495327,4044.2242990654204,4137.271028037383,4224.0,5307.214953271028,4142.654205607477
40.0,33.0,1.0,424.9364383561644,2.7606849315068493,30.505068493150684,74.3786301369863,1886.027397260274,2188.972602739726,2606.095890410959,3263.013698630137,3565.5890410958905,3660.27397260274,3802.7397260273974,3960.917808219178,4095.123287671233,4224.0,5454.027397260274,4224.0
40.0,34.0,1.0,423.3628,2.5939333333333336,30.179466666666666,75.6136,1926.6133333333332,2209.0133333333333,2612.693333333333,3256.56,3547.306666666667,3653.12,3792.64,3930.653333333333,4086.6133333333332,4224.0,5494.613333333334,4224.0
40.0,35.0,1.0,421.3232911392405,2.5221518987341773,26.958354430379746,73.50113924050633,1913.7215189873418,2225.9240506329115,2646.3417721518986,3286.7088607594937,3619.240506329114,3679.1898734177216,3873.215189873418,3984.26582278481,4162.430379746836,4224.0,5551.797468354431,4269.367088607595
40.0,36.0,1.0,421.7078571428571,2.4496428571428575,26.797857142857143,74.83714285714287,1872.0,2228.714285714286,2602.1428571428573,3241.1428571428573,3616.0,3680.0,3904.0,3928.714285714286,4224.0,3712.0,5568.0,4480.0
41.0,26.0,1.0,424.54515625,2.31203125,29.16078125,76.1428125,1865.5,2128.546875,2520.515625,3133.78125,3432.0,3520.0,3636.0,3781.34375,3918.0,3968.0,5286.0,4100.0
41.0,27.0,1.0,425.0972463768116,2.3330434782608696,30.905942028985503,78.64826086956522,1930.4347826086957,2284.7971014492755,2715.8115942028985,3398.072463768116,3699.942028985507,3776.0,3924.8695652173915,4070.942028985507,4224.927536231884,4224.0,5514.202898550725,4224.0
41.0,28.0,1.0,427.8448571428571,2.680214285714286,30.61828571428572,77.85342857142857,1940.5714285714287,2293.4285714285716,2740.114285714286,3424.9285714285716,3712.0,3776.0,3945.1428571428573,4103.928571428572,4244.114285714286,4224.0,5560.685714285714,4224.0
41.0,29.0,1.0,432.44382352941176,2.96,33.20397058823529,76.10014705882354,1908.235294117647,2193.5588235294117,2606.5882352941176,3239.8382352941176,3529.4117647058824,3602.823529411765,3759.0588235294117,3914.0882352941176,4037.6470588235293,3968.0,5389.176470588235,4224.0
41.0,30.0,1.0,433.75194029850746,2.964776119402985,28.254925373134327,77.27746268656716,1907.3432835820895,2254.910447761194,2706.283582089552,3377.1492537313434,3657.5522388059703,3758.805970149254,3896.8358208955224,4077.7611940298507,4150.44776119403,4224.0,5466.746268656716,4224.0
41.0,31.0,1.0,430.47514705882355,2.875294117647059,30.33205882352941,75.1370588235294,1889.4117647058824,2246.779411764706,2688.5588235294117,3364.426470588235,3668.705882352941,3742.1176470588234,3911.529411764706,4077.279411764706,4161.882352941177,4224.0,5475.764705882353,4224.0
41.0,32.0,1.0,426.03851063829785,2.778014184397163,25.30241134751773,74.42028368794327,1867.4609929078015,2195.375886524823,2631.8297872340427,3281.7304964539007,3439.205673758865,3706.099290780142,3847.4893617021276,4048.340425531915,4130.9503546099295,4224.0,5197.617021276596,4142.297872340426
41.0,33.0,1.0,424.1423880597015,2.589850746268657,30.42686567164179,75.52014925373135,1902.5671641791046,2227.5671641791046,2646.3880597014927,3283.776119402985,3569.6716417910447,3672.8358208955224,3816.597014925373,3962.820895522388,4095.044776119403,4224.0,5464.835820895522,4224.0
41.0,34.0,1.0,421.78258064516126,2.570215053763441,27.69258064516129,74.30279569892473,1911.225806451613,2232.537634408602,2645.1505376344085,3280.6774193548385,3565.4193548387098,3693.4193548387098,3838.967741935484,3983.967741935484,4126.967741935484,4224.0,5519.8279569892475,4301.075268817204
41.0,35.0,1.0,420.3858333333333,2.43625,24.8425,72.34416666666667,1872.0,2248.6666666666665,2621.9166666666665,3257.3333333333335,3680.0,3680.0,3904.0,3952.25,4224.0,3968.0,5568.0,4480.0
42.0,26.0,1.0,424.3158490566037,2.375471698113208,29.60622641509434,74.7333962264151,1870.188679245283,2113.2075471698113,2503.2830188679245,3126.7924528301887,3435.4716981132074,3520.0,3640.1509433962265,3770.943396226415,3906.4150943396226,3968.0,5270.943396226415,3968.0
42.0,27.0,1.0,424.87295774647885,2.3969014084507045,31.416619718309857,76.3205633802817,1917.9718309859154,2266.3802816901407,2697.507042253521,3358.5915492957747,3664.225352112676,3716.507042253521,3882.8169014084506,4035.042253521127,4158.197183098591,4224.0,5483.267605633803,4224.0
42.0,28.0,1.0,426.61014705882354,2.5784558823529413,29.828676470588235,75.99705882352941,1920.4705882352941,2249.926470588235,2680.426470588235,3350.794117647059,3631.0588235294117,3700.705882352941,3842.823529411765,4041.323529411765,4146.823529411765,4224.0,5445.64705882353,4224.0
42.0,29.0,1.0,430.7028985507246,2.9064492753623186,30.361739130434785,75.70739130434784,1904.0,2223.072463768116,2657.942028985507,3319.536231884058,3581.217391304348,3683.246376811594,3813.5652173913045,4006.2028985507245,4072.8115942028985,4224.0,5440.0,4224.0
42.0,30.0,1.0,431.1204347826087,2.8979710144927537,26.378115942028984,74.02289855072463,1910.0289855072465,2239.8695652173915,2684.695652173913,3366.7246376811595,3642.4347826086955,3748.1739130434785,3899.8260869565215,4052.2028985507245,4154.434782608696,4224.0,5451.130434782609,4224.0
42.0,31.0,1.0,427.5315714285714,2.7580714285714287,28.54157142857143,75.21357142857143,1914.5142857142857,2250.7714285714287,2692.7571428571428,3364.0,3657.1428571428573,3755.885714285714,3905.8285714285716,4073.1285714285714,4169.142857142857,4224.0,5440.0,4224.0
42.0,32.0,1.0,424.9745070422535,2.631830985915493,29.78859154929577,76.2161971830986,1922.9295774647887,2258.605633802817,2683.042253521127,3330.4084507042253,3613.7464788732395,3732.7323943661972,3854.8732394366198,4014.957746478873,4134.760563380281,4224.0,5440.0,4224.0
42.0,33.0,1.0,423.3550769230769,2.6235384615384616,29.72876923076923,75.0923076923077,1910.4,2189.4307692307693,2592.507692307692,3208.153846153846,3520.0,3581.0461538461536,3733.1692307692306,3883.0153846153844,4010.3384615384616,3968.0,5440.0,4224.0
42.0,34.0,1.0,422.6525,2.671875,26.32,71.50125,1872.0,2244.5,2663.75,3296.75,3648.0,3648.0,3808.0,3981.0,4160.0,3968.0,5568.0,4224.0
43.0,26.0,1.0,423.6945333333333,2.4242666666666666,30.22853333333333,75.54066666666667,1870.2933333333333,2124.3866666666668,2513.133333333333,3133.9733333333334,3422.72,3480.7466666666664,3640.7466666666664,3789.5733333333333,3934.72,3968.0,5248.8533333333335,3968.0
43.0,27.0,1.0,424.45884057971017,2.4450000000000003,31.188260869565216,76.24855072463768,1897.5072463768115,2180.6521739130435,2575.695652173913,3186.6521739130435,3464.3478260869565,3531.1304347826085,3689.2753623188405,3850.8695652173915,3965.217391304348,3968.0,5323.130434782609,4224.0
43.0,28.0,1.0,425.16826086956524,2.5343478260869565,30.281304347826087,76.0855072463768,1897.9710144927535,2196.449275362319,2612.840579710145,3253.68115942029,3525.5652173913045,3610.8985507246375,3770.8985507246375,3935.623188405797,4057.9710144927535,3968.0,5397.333333333333,4224.0
43.0,29.0,1.0,427.6158571428571,2.6812142857142858,26.00785714285714,76.14142857142856,1910.857142857143,2233.9857142857145,2675.557142857143,3323.9285714285716,3629.714285714286,3677.2571428571428,3838.1714285714284,4005.0142857142855,4105.142857142857,4224.0,5440.0,4224.0
43.0,30.0,1.0,426.66277108433735,2.7539759036144575,25.507590361445786,74.53385542168675,1913.2530120481927,2264.614457831325,2706.132530120482,3376.987951807229,3681.9277108433735,3731.277108433735,3897.4457831325303,4062.120481927711,4190.843373493976,4224.0,5537.156626506024,4224.0
43.0,31.0,1.0,424.3647311827957,2.6979032258064515,28.05344086021505,74.00301075268817,1886.4516129032259,2224.2043010752686,2643.021505376344,3301.3763440860216,3630.1075268817203,3679.6559139784945,3852.043010752688,3987.537634408602,4173.763440860215,4224.0,5453.763440860215,4224.0
43.0,32.0,1.0,424.0975,2.752727272727273,30.55,73.04636363636364,1882.909090909091,2201.2954545454545,2598.7272727272725,3227.3636363636365,3531.6363636363635,3656.7272727272725,3783.2727272727275,3918.3863636363635,4043.6363636363635,3968.0,5378.909090909091,4224.0
44.0,26.0,1.0,423.11095238095237,2.52,29.93142857142857,74.86952380952381,1844.5714285714287,2221.0476190476193,2617.5714285714284,3229.8333333333335,3529.1428571428573,3602.285714285714,3768.3809523809523,3920.3571428571427,4068.5714285714284,3968.0,5281.523809523809,4077.714285714286
44.0,27.0,1.0,423.716511627907,2.4798255813953487,29.863837209302325,75.09023255813953,1889.4883720930231,2213.2558139534885,2619.8953488372094,3256.6162790697676,3517.0232558139537,3625.6744186046512,3775.2558139534885,3930.8255813953488,4103.441860465116,3968.0,5358.139534883721,4224.0
44.0,28.0,1.0,424.1970666666667,2.466466666666667,29.1452,74.7488,1910.4,2193.48,2596.8,3231.2933333333335,3497.8133333333335,3601.92,3749.12,3916.3333333333335,4069.5466666666666,3968.0,5383.68,4224.0
44.0,29.0,1.0,424.76693877551014,2.657857142857143,27.540816326530614,72.97591836734694,1891.591836734694,2202.408163265306,2614.5510204081634,3255.3469387755104,3520.0,3648.0,3808.0,3947.0,4112.9795918367345,4224.0,5440.0,4224.0
44.0,30.0,1.0,424.87,2.8680645161290323,24.94967741935484,72.26935483870967,1856.516129032258,2243.6451612903224,2657.3548387096776,3282.7741935483873,3648.0,3648.0,3841.032258064516,3958.9032258064517,4160.0,3968.0,5501.935483870968,4224.0
45.0,27.0,1.0,423.285,2.8974999999999995,29.138333333333335,70.90333333333332,1776.0,2127.5833333333335,2506.75,3074.25,3392.0,3520.0,3616.0,3787.8333333333335,3904.0,3968.0,5312.0,4224.0
45.0,28.0,1.0,423.494,2.8165,27.881999999999998,71.04400000000001,1776.0,2142.2,2486.4,3060.6,3392.0,3520.0,3616.0,3739.2,3904.0,3968.0,5312.0,4224.0
