elevation,som,moisture,temp,B01,B02,B03,B04,B05,B06,B07,B08,B8A,B09,B11,B12
0.8469514554081741,0.5207239819004523,0.8305593333765087,0.2780399184022715,0.4108761329305137,0.3335473915252125,0.304405848005437,0.31684378894999377,0.2962962962962963,0.2422222222222219,0.31619363095686204,0.3309393870096482,0.25,0.25,0.4848484848484844,0.3550295857988175
0.8011559603178604,0.47663348416289586,0.8174341040088078,0.21655950247707367,0.42799597180261895,0.29168570293621876,0.30932714202795,0.3161902854598111,0.39506172839506126,0.40296296296296275,0.40954603628698383,0.32857634360752463,0.25,0.25,0.5656565656565649,0.3550295857988175
0.9909324919721172,0.47565610859728524,0.9218684948236144,0.23424934430397015,0.4108761329305137,0.3035518598188123,0.3226409999638551,0.3038904161981537,0.2962962962962963,0.3111111111111109,0.31619363095686204,0.2939883222274129,0.25,0.25,0.4848484848484844,0.3550295857988175
0.9721813183460455,0.44712464006581687,0.8371847482008743,0.22651852887345414,0.49024993133754524,0.3740044866054859,0.38680024035205474,0.3987916413837316,0.41077441077441046,0.3820875420875418,0.3904512261058226,0.395240875163247,0.25,0.5,0.5913682277318637,0.3550295857988175
0.9042902334455576,0.46154681517577445,0.7493396701090504,0.19237065057351654,0.5372995584475966,0.40985532762822796,0.4242204293996945,0.46205352120612764,0.41025641025641013,0.40437606837606843,0.4292936604914317,0.4504966099495049,0.37692307692307736,0.75,0.6452214452214458,0.3550295857988175
0.7441388728009741,0.3809351432880843,0.6019423996238971,0.22542979924598128,0.6239230166722622,0.29867487842326934,0.3072348326094292,0.3621049566034058,0.3392775491540925,0.3315226337448558,0.3663273301156309,0.3732802047253698,0.3117283950617282,0.5,0.5656565656565649,0.25860179706333586
0.5157251291004208,0.5532908268202386,0.6420333115495347,0.2326122180140684,0.840428453721505,0.47184582930703556,0.4837115180018241,0.5248973930049736,0.5016835016835013,0.4551515151515151,0.5039592644049469,0.4771853562854016,0.39204545454545414,0.75,0.6666666666666661,0.5567509413663263
0.46703202813893974,0.7981900452488686,0.5599378278608897,0.25091301409358935,0.8474320241691853,0.9865633223535326,0.9753422664080338,1.0,0.9999999999999996,0.9402962962962969,1.0,0.9790519395703678,0.833333333333333,0.75,0.9959595959595964,1.0000000000000009
0.979208845228996,0.3393171534348005,0.9817192715968703,0.222217681499423,0.4528975556165893,0.4412328938605379,0.4149951540227024,0.45753269373994954,0.35690235690235683,0.3549494949494947,0.30346375750275545,0.40365958015852677,0.25,0.25,0.5840220385674932,0.3550295857988175
0.9822149084964629,0.379018447615733,0.9185302532883646,0.2121173675622796,0.5926098071113168,0.4643334241831365,0.42408635568433706,0.47082554882435224,0.42735042735042716,0.3958974358974361,0.4239079447993097,0.43206880163066064,0.3269230769230771,0.5,0.6433566433566433,0.3550295857988175
0.9893949645303977,0.6110110525925374,0.7880127529326333,0.21825755774612765,0.5599029270467053,0.3619610370095456,0.3686952934839618,0.4017121981515208,0.33879781420765065,0.3257923497267763,0.3230802838090838,0.36341683775571054,0.2827868852459017,0.5,0.6179831097863886,0.3550295857988175
0.9575003267309476,0.5517948717948717,0.7506812927446305,0.21516750475883417,0.6554452596748668,0.5314738821874627,0.5241552963718128,0.5685593297222509,0.5149911816578476,0.5046560846560846,0.5229025284735584,0.5280877635124006,0.45238095238095255,0.75,0.7099567099567095,0.3550295857988175
0.8792205604565737,0.5934841628959278,0.7131888612362678,0.19601332680220795,0.6366949599578007,0.48786402634178483,0.4842430159808977,0.5024504498671352,0.4820693709582593,0.465291005291006,0.5006757652997207,0.483077412995768,0.39285714285714324,0.75,0.7272727272727266,0.3550295857988175
0.7451022743273228,0.6342972918214356,0.6621274818833751,0.15288528926372424,0.5672543626279491,0.4463664063015216,0.4571633653553615,0.47490994563799616,0.44997236042012156,0.45197346600331656,0.4677171246829914,0.46884713376325005,0.45149253731343286,0.75,0.6693803708729078,0.3550295857988175
0.5847059450754806,0.7465658134666033,0.6094667521146937,0.17496254057930405,0.615547639446274,0.4198764070249048,0.44382720944547227,0.48482222805439035,0.4344941956882251,0.4057048092868989,0.4478623220568094,0.4597390741798342,0.32089552238805963,0.75,0.7073722297602894,0.3550295857988175
0.4710131831787905,0.7757647058823527,0.5001662241219269,0.2912235938962915,0.7207452165156099,0.41707268500325334,0.4367168883398733,0.5051753260270937,0.5456790123456785,0.4879259259259259,0.5098998720168639,0.4745741062360036,0.44166666666666643,0.75,0.7474747474747465,0.44970414201183484
1.0,0.45349547511312194,1.0,0.23745806955648274,0.46865558912386795,0.4110476391298379,0.36851723693153327,0.39671927413680885,0.3703703703703707,0.3111111111111109,0.3555766769555069,0.36201420607304247,0.25,0.25,0.6060606060606055,0.3550295857988175
0.9881237016065789,0.4344856711915539,0.9320150537170164,0.2221295601617903,0.5786505538771411,0.48215418508614327,0.49527686964248474,0.5210636296321667,0.502057613168724,0.43970370370370304,0.44844287184120013,0.48140777229079257,0.3500000000000001,0.5,0.6680134680134682,0.3550295857988175
0.9783461171924586,0.4283987739016202,0.8612220084358566,0.2246734220742297,0.6320534061007717,0.5005766791587192,0.47129327836565427,0.5200095917447758,0.471923536439665,0.4233333333333329,0.43928329443649794,0.4766003077930989,0.3588709677419355,0.75,0.6979472140762457,0.3550295857988175
0.9925811297953686,0.5177813457889358,0.81333107708635,0.22096666185966263,0.6411655784036654,0.5165192221061421,0.5428554419490705,0.5906433056736224,0.5675029868578254,0.5233333333333334,0.5544681171422123,0.5358875628101885,0.46370967741935587,0.75,0.7585532746823063,0.3550295857988175
0.992433983614422,0.707653734886136,0.7061782501558018,0.20178396687381883,0.616314199395771,0.4380771341698626,0.43487560500597233,0.45530484093250756,0.39344262295081966,0.3720947176684879,0.38161683305297167,0.397182079101956,0.25,0.5,0.6716343765524089,0.3550295857988175
0.9524820033846737,0.6667522989344623,0.7206828907537743,0.175650730681294,0.6718156125134005,0.5047939450285783,0.5138336979655005,0.5440218923669216,0.4814814814814814,0.4800000000000004,0.4878416020477303,0.5017398344839523,0.411290322580645,0.75,0.7272727272727266,0.3550295857988175
0.9045810879599223,0.6063951734539967,0.7477207146917659,0.18164381806269447,0.6823478636167479,0.5535775077530802,0.576053466470337,0.6110759556014145,0.5878894767783653,0.5615167548500883,0.5884714798363824,0.5970174658407448,0.5,0.75,0.7272727272727266,0.3550295857988175
0.7956309554263186,0.6730054006714346,0.6661987043292785,0.18075408893704314,0.6511061300068235,0.5277333154419024,0.5387130220813301,0.5744177099445835,0.5364396654719239,0.5444444444444443,0.5668900097869463,0.5659252025686508,0.5,0.75,0.7272727272727266,0.3550295857988175
0.6516851887799664,0.7259134615384615,0.5886600608768862,0.22880119621897443,0.6195241691842908,0.47975792254927363,0.48184156608275863,0.5154603477534501,0.4976851851851847,0.4811805555555555,0.5098269404501998,0.49572873338195445,0.4453125,0.75,0.7272727272727266,0.3550295857988175
0.5226573501138692,0.8542095370692655,0.4538227396591492,0.23095262056627175,0.5882640018591685,0.4316750090378747,0.4554753784561347,0.525675856187882,0.48034188034187997,0.4499487179487187,0.4901522478124143,0.49409254997121366,0.4653846153846155,0.75,0.7575757575757569,0.4164770141101508
0.9483793179341973,0.4125882352941177,0.9496794249077132,0.24486371443275323,0.34154078549849043,0.24173559659935062,0.24758028108923336,0.2531884646093605,0.20370370370370372,0.18711111111111123,0.1971693141609574,0.21205275746769114,0.1499999999999999,0.25,0.4848484848484844,0.21301775147929103
0.9781097533468284,0.5946166774402066,0.8502542264234236,0.24176958651068747,0.4601393427461611,0.3214198180590131,0.3249321636350513,0.37045774875684057,0.29024943310657525,0.2590929705215417,0.2919029540597391,0.3304310654835434,0.25,0.5,0.5912183055040199,0.3550295857988175
0.9791261178830304,0.5597752152970372,0.8082754125484937,0.2566271652269989,0.5740668550823518,0.45734970399266484,0.4574025291085606,0.5323220718168722,0.482676224611708,0.4366666666666652,0.47429044643529306,0.47749649251840287,0.42741935483870996,0.75,0.7096774193548381,0.3550295857988175
0.9759776352147576,0.5638424449224833,0.814826611289297,0.22149677694259418,0.616314199395771,0.46168481447513177,0.46651609680030504,0.5323794175257035,0.49301760777170633,0.4387249544626588,0.484916625836302,0.4706018480757659,0.43852459016393475,0.75,0.6974664679582707,0.3550295857988175
0.9732389144591913,0.5902618500111267,0.8036916830962064,0.1623049823343501,0.6104204843742274,0.4026493773431117,0.41258859724008357,0.4509660062845713,0.39951426836672743,0.35289617486338765,0.4080156689864891,0.40822252778400614,0.2950819672131142,0.5,0.6477893691008445,0.3550295857988175
0.9979108531287366,0.7516138763197588,0.6864038536857655,0.1622881259597757,0.5600633002445692,0.3888221763678237,0.41186386530256947,0.4406982599465734,0.37507348618459746,0.33407407407407375,0.37064920073276575,0.39497269309935845,0.25,0.5,0.6426166426166429,0.3550295857988175
0.9790809086077914,0.7839517345399698,0.7106476984075585,0.1781199040172623,0.6032705126360725,0.4545985414933895,0.44708919900537847,0.4951179851112135,0.4268077601410929,0.40077601410934793,0.42510477050867035,0.43643999913275655,0.3293650793650795,0.75,0.6445406445406441,0.3550295857988175
0.9622438302090899,0.7310611589548972,0.7595070518163833,0.17221698963267218,0.6461358542052427,0.49667890312748675,0.49550286992801595,0.5342983928557317,0.4862604540023896,0.4533333333333327,0.4788074983061046,0.4909392633979621,0.5,0.75,0.7272727272727266,0.3550295857988175
0.9350997874181992,0.6612368024132733,0.7113960667486994,0.2103518333653691,0.6856087853066715,0.5449309970410674,0.5577206697892505,0.5735384039331688,0.5596707818930047,0.5352733686067017,0.5540199969169333,0.550532113972722,0.5,0.75,0.7272727272727266,0.3550295857988175
0.8622914689893939,0.6429046854473799,0.6318452548827902,0.2502584681444635,0.6751291297144517,0.5573500234825035,0.5523805271539342,0.587955509060774,0.5639187574671438,0.5599999999999996,0.5826996913347884,0.5765867105076117,0.5,0.75,0.7272727272727266,0.3550295857988175
0.731215335625647,0.7439517345399698,0.5460148871845005,0.1131186742642667,0.616314199395771,0.4957873743397023,0.49102932420638634,0.5079352113025983,0.46913580246913567,0.4740388007054679,0.48845104555410934,0.4951359291983657,0.38492063492063533,0.75,0.7272727272727266,0.3550295857988175
0.5853981177823684,0.8096561085972853,0.4481661377717332,0.0,0.5392749244712993,0.3657359927667505,0.39119491863162903,0.4283273999783921,0.407407407407407,0.3880370370370363,0.4048784160204768,0.3994357126522745,0.25,0.5,0.6939393939393934,0.3106508875739653
0.44211927880980895,0.8369592760180997,0.4908576732940442,0.5061446313531215,0.641993957703928,0.30858884533177466,0.3364967861105739,0.40220768235514237,0.5061728395061729,0.4534814814814814,0.477226530151321,0.4049601249302115,0.3500000000000001,0.75,0.737373737373737,0.46745562130177554
0.8052858813296417,0.29624023035787705,0.8669677148402624,0.262493736151187,0.3299459855351099,0.34171084097761195,0.30515149861490887,0.33028516755489346,0.26487093153759833,0.21925925925925904,0.24617932695927136,0.2883233217232002,0.22727272727272751,0.25,0.4848484848484844,0.3550295857988175
0.8466034096454891,0.5870497737556564,0.8200332448243857,0.2770959021323296,0.36722054380664737,0.2315012721020402,0.22930485068271356,0.2534335284181788,0.20493827160493794,0.16988888888888898,0.16682978242866797,0.22725287448675457,0.11666666666666625,0.5,0.4848484848484844,0.23076923076923084
0.9118443988637672,0.7317647058823531,0.710590131612086,0.27325524918515964,0.432887354337506,0.27981325768219634,0.28077582511956134,0.3040654617758807,0.2457378012933562,0.2126984126984124,0.23951129800711968,0.2577823612206207,0.16666666666666652,0.5,0.5483405483405486,0.30431107354184306
0.9605071099214904,0.6717505656108598,0.7320688426915356,0.23419775474488325,0.5256325528700909,0.35796739765941776,0.3671715705972525,0.3996294068665298,0.36342592592592604,0.32079861111111097,0.353388729955582,0.351176937767697,0.25,0.5,0.6401515151515147,0.3550295857988175
0.9643888321081562,0.641862501824551,0.7905680519605327,0.1468577094112007,0.6221128544976127,0.4158479739551879,0.4209145073993046,0.46413899597620967,0.4360812425328562,0.3799999999999999,0.4178272980501401,0.4204187963930117,0.3064516129032264,0.75,0.7038123167155419,0.3550295857988175
0.9661743024389189,0.7067307692307692,0.8085859076484687,0.1360526149560699,0.5769920694864057,0.3934367601813422,0.3873565656114657,0.45323711504560027,0.38657407407407396,0.34663194444444434,0.3916778024542644,0.4086563718733971,0.28515625,0.5,0.6060606060606055,0.3550295857988175
0.9717245528885243,0.6988235294117646,0.8088319799996508,0.16950646602058117,0.602455282213592,0.4392863570688421,0.4384964634105142,0.4958765159480336,0.45502645502645533,0.40733686067019415,0.42399343234997744,0.45046011507070727,0.25,0.75,0.6695526695526697,0.3550295857988175
0.9831399886805592,0.7265158371040723,0.7332221060606527,0.1672898104113576,0.60897712559344,0.4538753787792924,0.4510193990928011,0.4804336060907328,0.4444444444444442,0.40952380952380985,0.4273274468260544,0.4402871676059683,0.28571428571428603,0.5,0.7061087061087052,0.3550295857988175
0.9773140566196368,0.6887358597285065,0.7534890874943336,0.1960759770335876,0.616314199395771,0.45654498896162643,0.45197257941291724,0.49355776984028665,0.45486111111111116,0.4198263888888887,0.4332487954528341,0.45381664601321425,0.25,0.5,0.7272727272727266,0.3550295857988175
0.9699974085022589,0.656229260935143,0.7171527462959366,0.20849686981359405,0.5967486692562227,0.4159879409321112,0.431832211088361,0.4446270606911251,0.4009406231628456,0.3646913580246913,0.3817625823196851,0.4186639519185862,0.25,0.5,0.6310726310726311,0.3550295857988175
0.9532738222675299,0.6375711574952558,0.652469023609118,0.09637016518559594,0.6386804405028759,0.4576052958635648,0.4601310691412044,0.4992779840471364,0.4372759856630828,0.4044444444444437,0.4370247685010913,0.45524638899361536,0.33064516129032206,0.75,0.6764418377321597,0.3550295857988175
0.9017257751866694,0.6652187028657615,0.5666813667590822,0.06375287545185682,0.6676737160120849,0.46302495920545805,0.46659373235849255,0.48823285905392844,0.4773662551440325,0.4795061728395056,0.5017871034584127,0.4726459601395474,0.4722222222222223,0.75,0.7272727272727266,0.3550295857988175
0.8051554335557469,0.684340271493213,0.6023789478228958,0.25548661016003327,0.628298086606244,0.47689396238752657,0.47255006044129555,0.49960012437647094,0.4703703703703703,0.4569259259259253,0.4842279605510802,0.4886885006108481,0.375,0.75,0.6989898989898986,0.3550295857988175
0.6614284714334921,0.7696381624357689,0.5949140467981457,0.5766970197240051,0.5897639408059812,0.4491409811727882,0.44790014670211953,0.46930255340231586,0.4300062774639044,0.4243691148775892,0.4568155805113454,0.43523046194210924,0.3474576271186445,0.5,0.7031330251669248,0.37458630027078765
0.5340115015803626,0.7994907993966818,0.48221114061409387,0.6491721385507934,0.6054716347767721,0.35454426371969205,0.3702623312094815,0.40765354477333426,0.35144032921810675,0.3555061728395059,0.3714271374438507,0.3816277324191564,0.25555555555555554,0.5,0.6821548821548822,0.3412228796844188
0.7478677313211612,0.5552999562107723,0.6415471169132871,0.36591358713381683,0.1789299288568369,0.0,0.0,0.0,0.0,0.0,0.0,0.0,0.0,0.25,0.30107526881720403,0.17178850925749334
0.7510965184075733,0.49613258463719134,0.7092882897433919,0.3259414557889915,0.34590325046409287,0.3224737967329432,0.3307910990899945,0.3780359267544,0.35252119589468967,0.3019812583668,0.32378554343852883,0.33726443317228316,0.2018072289156625,0.5,0.5271997079225992,0.27803521779425466
0.7710966696357247,0.7275414781297136,0.6851867271529215,0.2528971533801674,0.47446410588404664,0.2772664672542948,0.26637322852589707,0.28644420695130446,0.2186948853615518,0.18536155202821902,0.19616910981813485,0.2274307870208907,0.1428571428571428,0.5,0.5425685425685423,0.3550295857988175
0.8120829108289342,0.7752036199095023,0.6501861155057191,0.21217579474079096,0.3994629070157769,0.27585158368323803,0.28224049595959544,0.3052713313113382,0.2445620223398004,0.2094179894179895,0.24395665064188732,0.26356071703018813,0.1825396825396819,0.5,0.5829725829725829,0.3550295857988175
0.8737492064061847,0.7769785432783536,0.7017304160895483,0.13219342997878436,0.41253289153104067,0.2709593321384425,0.2768972034945154,0.33478878398284007,0.28195937873357213,0.2666666666666657,0.27441090115184874,0.2835806597155699,0.22580645161290303,0.5,0.6060606060606055,0.3550295857988175
0.9410479023524516,0.7333907458765143,0.7138807239210228,0.12211797268168212,0.49040054575577496,0.39773290010511353,0.4046920966597698,0.48042388133641456,0.4277180406212664,0.3644444444444441,0.42008582398554495,0.417652984913194,0.28629032258064546,0.5,0.6608015640273708,0.3550295857988175
0.9667350246615456,0.710286576168929,0.7429591183234079,0.1591310710011844,0.5478348439073519,0.4572082156355597,0.46134532851503973,0.52326142410808,0.47266313932980575,0.420458553791887,0.46955829685634676,0.47997534829800026,0.38095238095238226,0.75,0.7272727272727266,0.3550295857988175
0.9715326479567139,0.7492609351432882,0.7067989469388347,0.18746189315823325,0.533975926725172,0.3869985486540166,0.37348948929368886,0.42233792379381363,0.3680188124632564,0.3143915343915351,0.3439770849241599,0.37388169439443564,0.25,0.5,0.6060606060606055,0.3550295857988175
0.9776488438478559,0.6858794336593199,0.7703704632200408,0.19905687379254,0.551700613975247,0.4058479420062042,0.4124312283887219,0.45301230852743,0.4145758661887693,0.35777777777777775,0.3771738312128283,0.4016761744655346,0.25,0.5,0.6783968719452584,0.3550295857988175
0.977211570733445,0.6617252955772881,0.7445489699605785,0.1988206072066261,0.5997466133905087,0.4331323742248392,0.42793429675601313,0.4576171365479733,0.4086021505376345,0.3488888888888888,0.3771738312128283,0.40556994258237244,0.25,0.5,0.658846529814272,0.3550295857988175
0.9855123128271828,0.6800495878014008,0.6983985883517732,0.10338278760867636,0.5909862185986849,0.41047441746389257,0.3905706277660448,0.4273742808041403,0.38660578386605815,0.3441400304414004,0.34688483270923065,0.37756596905931783,0.25,0.5,0.6176836861768367,0.3550295857988175
0.9770750227010083,0.6864742570624922,0.7029267464472444,0.09482627302058177,0.5649546827794572,0.39096489644254984,0.3751078845957623,0.41061381255403306,0.3553553553553557,0.31390390390390355,0.3426855297667606,0.38281328170819373,0.25,0.5,0.6060606060606055,0.3550295857988175
0.9738034753166964,0.7092737927453454,0.6659192420434843,0.39494175605881643,0.6255757515724838,0.45454081218192766,0.43132077684421866,0.46215457526096193,0.4104432301153609,0.38225865209471754,0.4103112199372303,0.42505803416687815,0.3237704918032782,0.5,0.653750620963736,0.3550295857988175
0.9460187542109999,0.6865465143032443,0.6008063498126821,0.6407588134720961,0.6676737160120849,0.48459460611262184,0.47469617559588784,0.4939750792393083,0.47959824231010684,0.44305084745762713,0.4716491194938861,0.46080393898066196,0.3771186440677967,0.75,0.7087827426810476,0.3550295857988175
0.8698369908213053,0.6951095022624436,0.6295101785290247,0.637796923344019,0.6462739174219543,0.4727672186386114,0.4789067318870419,0.49232989804818583,0.4654320987654317,0.4615185185185182,0.47956034028457406,0.46347738215170864,0.41666666666666696,0.75,0.7050505050505054,0.3550295857988175
0.7250822566026773,0.7600583856371337,0.6076198474526346,0.5759283301687781,0.641993957703928,0.4376052319655974,0.4367152346792471,0.4543759700442429,0.407407407407407,0.3888888888888884,0.4212150869532483,0.4097881913756134,0.2661290322580645,0.5,0.6823069403714568,0.3722084367245655
0.5624051874434937,0.795339366515837,0.5557853994521844,0.5255410062139305,0.5966767371601227,0.41677167545921545,0.4023115549147134,0.43476272754624157,0.407407407407407,0.36277777777777764,0.40268188883623957,0.39032071415561065,0.25,0.5,0.665775401069518,0.33936651583710464
0.48351840637145216,0.7306184012066361,0.5696666162957209,0.5519493135084754,0.641993957703928,0.32342311352787423,0.3684851972569074,0.39471962153012985,0.34156378600823123,0.3876543209876542,0.4212150869532483,0.3545698210308803,0.3888888888888893,0.75,0.6700336700336695,0.443786982248521
0.7385077230343136,0.570135746606335,0.3905187487857005,0.5286382604058806,0.0,0.19092712756270824,0.1798355930605786,0.21146635115799217,0.07407407407407396,0.10444444444444434,0.10615071896408912,0.184366830040112,0.0,0.0,0.0,0.0
0.7252686617263855,0.5648663101604279,0.5399791582033666,0.3642677159118388,0.25096127437517257,0.2808076064140783,0.2751157600021279,0.3192944270381801,0.3122895622895623,0.25709595959595966,0.27402592514013113,0.27118472530393056,0.21590909090909083,0.5,0.4903581267217634,0.22592791823561154
0.7254708024012171,0.7257974242951617,0.690682648094733,0.13231919649990198,0.4330002323960036,0.33373023801747337,0.3646680397138047,0.4469915224948915,0.3806267806267809,0.34078632478632453,0.37005078787808543,0.397025997914767,0.2615384615384615,0.5,0.6023310023310025,0.30040964952207627
0.7584391043168459,0.8564910232082905,0.6730259405729617,0.12424437195491134,0.42992885683656734,0.2818539356355778,0.30011459868137,0.3826157531232459,0.3452807646356031,0.2977777777777777,0.3026424753444248,0.33131022206839456,0.25,0.5,0.6060606060606055,0.3550295857988175
0.8204231010719205,0.8715911282545807,0.6514124095844473,0.16589640658348004,0.4108761329305137,0.31208291190790494,0.31738979483737495,0.37292724421405543,0.3302975106253796,0.2941712204007292,0.2932381214494555,0.3282224629385313,0.25,0.5,0.6060606060606055,0.3550295857988175
0.9235747050644427,0.7889330024813894,0.6413549180961453,0.1541924743116967,0.4622356495468285,0.36425036501714025,0.3752734741259989,0.43016603731821146,0.3739545997610514,0.32666666666666666,0.3455544681171432,0.37149947156004215,0.25,0.5,0.623655913978495,0.3550295857988175
0.9750961143150789,0.8355247409137347,0.585115872906443,0.18415107740563363,0.4721762011499857,0.3393940555720629,0.35875340447381365,0.38953287675925496,0.3500597371565113,0.2999999999999998,0.3218399457953778,0.3462672361045014,0.25,0.5,0.6432062561094813,0.3550295857988175
0.9778538801044228,0.743529411764706,0.613968377325673,0.18795276095048563,0.5062580923608113,0.32713325266975524,0.31985812536779257,0.36628443990371595,0.31158142269253375,0.2629982363315695,0.2828534861961045,0.32394453524017175,0.25,0.5,0.6060606060606055,0.3550295857988175
0.9810820287055968,0.7032287257334695,0.6593714680855955,0.13810534499521876,0.5351330279699837,0.3585314969057407,0.3600184548525842,0.3996121140574398,0.3488649940262847,0.3144444444444443,0.3500715199879547,0.3500837469174338,0.25,0.5,0.6471163245356788,0.3550295857988175
0.9746883866813718,0.6978338928623558,0.6608004245086918,0.24460382118824753,0.5757236136828761,0.42885121038725327,0.4144900358678987,0.45190556874566834,0.3918757467144558,0.36111111111111116,0.38507867198674983,0.3966699011724568,0.25,0.5,0.6862170087976542,0.3550295857988175
0.9861937843490018,0.701671982790594,0.6755763079134649,0.4923531353212469,0.5860036649992573,0.4265168395499508,0.4076471339797729,0.45211097653888777,0.3740133576199143,0.33595628415300505,0.3609568744963054,0.4036681463931173,0.25,0.5,0.6120218579234971,0.3550295857988175
0.9811959039990192,0.7054866170718612,0.6772833497435289,0.6706682944735947,0.616314199395771,0.4574336377638293,0.44060161743144377,0.45189886935231627,0.4168236032642816,0.37065913370998116,0.39095466742886664,0.40550028006427397,0.25,0.5,0.6327683615819204,0.3550295857988175
0.9765466004477439,0.7580271493212671,0.6158064028668264,0.638702961947929,0.616314199395771,0.4707203537391491,0.4493533360122637,0.47887181054723005,0.42222222222222205,0.3914814814814811,0.4153805616201156,0.43186369339357356,0.25,0.5,0.709090909090909,0.3550295857988175
0.9489027379207045,0.7582493880275942,0.6289387101192168,0.5812315467168749,0.6205239958397311,0.4510012837730226,0.42726171773753574,0.45948297800089044,0.4225865209471764,0.3811293260473585,0.43326672944463773,0.43410397789498845,0.27049180327868827,0.5,0.6855439642324885,0.3550295857988175
0.8819014142009074,0.7713423831070889,0.6569707735435344,0.5256801360788861,0.6309883470004332,0.4424934264965703,0.4482853468580732,0.47664095190663547,0.43738977072310403,0.4270194003527341,0.446220195523817,0.45534130510984294,0.3769841269841274,0.75,0.6830206830206826,0.3550295857988175
0.7489100571322087,0.7733283881017727,0.620971843113024,0.5234218901183258,0.641993957703928,0.46191212363900647,0.4756930999980238,0.49726699639333294,0.45355191256830585,0.4319489981785063,0.4441705964606548,0.4487251126360836,0.3852459016393439,0.75,0.6880278191753595,0.34775438936851355
0.5831236081928814,0.8266374434389139,0.5656531312738813,0.5530779057564843,0.641993957703928,0.49693549340413234,0.4806400782842939,0.5031305748722641,0.4305555555555558,0.4305902777777777,0.443094556952496,0.44607787845262914,0.3359375,0.75,0.7253787878787872,0.443786982248521
0.4050025388779446,0.8182926093514329,0.4626154034352987,0.7696879320928331,0.641993957703928,0.34054634892337265,0.35450735520685317,0.39997487876368387,0.3843621399176951,0.35091358024691344,0.3963211121985504,0.3645542116218339,0.32777777777777795,0.75,0.6525252525252521,0.3727810650887582
0.6785705790601124,0.5670950226244345,0.5227381646266436,0.41330551404708626,0.3697885196374626,0.1695340879683318,0.17829768867854323,0.23548260442221602,0.23703703703703738,0.2560000000000002,0.2601821877587893,0.1782356904021709,0.25,0.25,0.3636363636363633,0.0
0.6590909651577004,0.6721485411140584,0.5405834742106963,0.27745996389636196,0.42858631107407064,0.2652426674052393,0.29022884439173247,0.3531104158297591,0.2962962962962963,0.2731034482758621,0.27032219040671635,0.30108751998655325,0.16954022988505768,0.5,0.47091605712295337,0.09793919608243318
0.7030058734210751,0.7403795066413661,0.6723741358887421,0.11739264096339563,0.48460189065393333,0.4239949648401433,0.4583203107559042,0.5304248036195665,0.4910394265232978,0.4388888888888882,0.4562222389520443,0.45589535034642203,0.318548387096774,0.75,0.7096774193548381,0.3550295857988175
0.7774132120245874,0.9250299226390304,0.525342040775397,0.17129817513189427,0.4431829256407749,0.29325972287451396,0.30733282731318257,0.32990727101685646,0.2879330943847078,0.2522222222222221,0.23601596024994276,0.28952947211629443,0.1411290322580645,0.5,0.623655913978495,0.3550295857988175
0.9026328683418541,0.7925499927017952,0.5786228954751802,0.12678555034563432,0.4382126498391976,0.34651867897341493,0.3629950439791041,0.4300079316351031,0.4062126642771804,0.35333333333333306,0.3523300459233605,0.3770156430588947,0.28629032258064546,0.5,0.6647116324535673,0.3550295857988175
0.9742918552298256,0.9311550369135508,0.45107295795995395,0.14687705287437502,0.46944400275613685,0.27144641401522396,0.2837925331304376,0.3276136984428115,0.27680311890838194,0.24463937621832343,0.2596908593096834,0.28218270913226906,0.20175438596491224,0.5,0.6230728335991484,0.3550295857988175
0.9829213333643168,0.7555565610859727,0.5622261079809168,0.32292409427141755,0.5367069486404841,0.40363600735678595,0.3893750651128869,0.44203055128816615,0.40864197530864166,0.3650740740740739,0.3663705488218021,0.38180868619319286,0.25,0.5,0.709090909090909,0.3550295857988175
0.9799664113850675,0.721076769690927,0.6654109299586508,0.595196648906448,0.5823646884121061,0.4690164981845122,0.4626536022992722,0.5066851683068494,0.46076585059635855,0.4045197740112991,0.43367525969858267,0.43487324511998393,0.2966101694915255,0.5,0.7272727272727266,0.3550295857988175
0.9731638398770777,0.762524886877828,0.690654750340004,0.7099056603773588,0.5889224572004039,0.41519088985374797,0.42415733588658533,0.4420509732722344,0.38888888888888884,0.34899999999999975,0.364036738688549,0.3798448055279149,0.25,0.5,0.6646464646464647,0.3550295857988175
0.976113069760892,0.7855203619909501,0.6967424389612074,0.6257525778309636,0.5649546827794572,0.44130492429688317,0.4269255637742484,0.46602638256832174,0.407407407407407,0.351296296296296,0.37220507415493476,0.400856731995443,0.25,0.5,0.6505050505050507,0.3550295857988175
0.9767524049021823,0.7801824790445813,0.6881211507366489,0.5800628663148546,0.5649546827794572,0.4136251626844878,0.4072437492238299,0.4378892407484303,0.38008500303582293,0.358542805100182,0.3644002009224163,0.3852621636685596,0.25,0.5,0.7034277198211623,0.3550295857988175
0.9573316830029945,0.7728506787330316,0.6734019817369343,0.5537681078545045,0.5934877475662983,0.4040400352209659,0.3976077357929091,0.44464651019976165,0.3891828336272778,0.3745326278659604,0.38065124416099305,0.41169951254810755,0.3174603174603172,0.5,0.6560846560846558,0.3550295857988175
0.9301451509969993,0.7656711915535444,0.6119946586237635,0.5208282954796759,0.6440320337601317,0.47340077205987274,0.45934361170032645,0.4942622067312117,0.46913580246913567,0.43248677248677225,0.4573335771107354,0.4514637242376325,0.35317460317460325,0.75,0.7118807118807116,0.3550295857988175
0.8551684756700908,0.720422322775264,0.6843067775649863,0.6448266668320122,0.6831630940392275,0.56624857617832,0.5332850779413558,0.578342432566358,0.5490887713109927,0.5035626102292765,0.5162344995214081,0.502906297142284,0.43650793650793673,0.75,0.7272727272727266,0.3550295857988175
0.7151603469919063,0.6948169477581247,0.571077002784794,0.7643907875060105,0.7447129909365566,0.5599330504202413,0.5585561979275422,0.5718215427617181,0.5375982042648713,0.4948148148148146,0.5315406568888461,0.5161654119144066,0.5,0.75,0.7089072543618,0.40075309306078566
0.5594515645076594,0.8149140271493209,0.5419796446025318,0.7178146136628023,0.6878224494538703,0.5284922266893455,0.5280171451533686,0.5580808321385886,0.4826210826210837,0.4817435897435898,0.4923065340892645,0.48815300844695697,0.40000000000000036,0.75,0.7547785547785546,0.46836595357305555
0.389237401355933,0.7916295791235357,0.36322262469692435,0.7325069795242094,0.6082233166411459,0.4072453818072077,0.40666595581912723,0.49386042784047657,0.5048198883815327,0.4281278538812785,0.48835209078655417,0.45051760700305943,0.4143835616438354,0.75,0.6587795765877953,0.3611088595282501
0.33937454138052026,0.7601809954751131,0.3391691672243451,0.7500480533733473,0.641993957703928,0.5516595544678715,0.5312182646448642,0.5439816339753891,0.5226337448559675,0.46419753086419746,0.5404987159861809,0.4868434817383194,0.3981481481481488,0.5,0.7171717171717162,0.6081525312294547
0.6357197343041072,0.6384332579185523,0.4167476199727995,0.40301695741541077,0.33223187311178304,0.22862493170904674,0.23371030594375242,0.24003160137341117,0.23379629629629628,0.2099305555555553,0.21336012196040022,0.22160871338776378,0.15625,0.5,0.42424242424242387,0.01109467455621349
0.6568320446624707,0.7127184128089104,0.5309507322330327,0.16598076338805123,0.38322100859865316,0.3173197653371709,0.3321275603277658,0.3855873291673162,0.341880341880342,0.2757834757834763,0.3000364838804943,0.34449863813201853,0.22115384615384626,0.5,0.5951825951825951,0.22303140646335962
0.7435887707518738,0.9338387359988132,0.46281509415533084,0.08834725771519625,0.43950274874944384,0.24119492551670518,0.25241963758319574,0.3046106857065074,0.25622343655130564,0.2015664845173042,0.23699712315630794,0.24983998872499313,0.180327868852459,0.5,0.6299056135121699,0.3550295857988175
0.8907785204044352,0.8049543676662321,0.5360085794039422,0.3019998715774259,0.4639766501100935,0.37823373129312543,0.38393375087983905,0.45086046338274643,0.4067796610169494,0.3461393596986819,0.35891422322657895,0.37713401696182824,0.25,0.5,0.6697483307652794,0.3550295857988175
0.9642500184259397,0.9222670450187898,0.5295981752301546,0.6153845830485773,0.5101131650366124,0.372291220294688,0.34712831041485837,0.39385197565333296,0.3163841807909602,0.2807532956685499,0.29602001794060584,0.3180471071565618,0.25,0.5,0.6060606060606055,0.3550295857988175
0.9788188448837118,0.8263903079842359,0.6022549935132901,0.6744777483379332,0.5566708897768251,0.41466586155227336,0.4063540255887448,0.43913853483463505,0.3763440860215055,0.31555555555555515,0.32522773469848687,0.3579176375334532,0.25,0.5,0.6353861192570864,0.3550295857988175
0.9744112219338206,0.8413273001508292,0.6224882630555841,0.6088176389982578,0.5486500743298333,0.36058738866096096,0.35400936712124187,0.36990204851008635,0.30099941211052306,0.25753086419753046,0.2695174282918016,0.31059349208016984,0.25,0.5,0.6137566137566131,0.3550295857988175
0.9634138312449423,0.8401839147569703,0.681382410883467,0.5591849047803155,0.5649546827794572,0.32933012565535424,0.32792090210494473,0.35451246795066016,0.31063321385902043,0.2566666666666664,0.2710231122487383,0.30019098005525535,0.25,0.5,0.6060606060606055,0.3550295857988175
0.9552090981511938,0.8168929110105583,0.7286496577345618,0.538763054499759,0.5918572867213356,0.42167891707347227,0.3870621057446675,0.44740834042613065,0.39623750734861796,0.34719576719576706,0.36620384809799855,0.37861082243858224,0.25,0.5,0.6657046657046655,0.3550295857988175
0.9649729884694942,0.83052790346908,0.6456465624913268,0.5528483766227057,0.6424015729151682,0.4771423530588903,0.4753085238566923,0.505056684024412,0.4820693709582593,0.41499118165784754,0.4317727994608216,0.44627841020852044,0.33730158730158744,0.5,0.7215007215007212,0.3550295857988175
0.9412929934785339,0.721528715628263,0.6295467113030744,0.6943519281207389,0.6676737160120849,0.5380307187022222,0.5198780819622888,0.5778367453418118,0.5162393162393157,0.45842735042735017,0.49392224879690083,0.5010932502789589,0.4653846153846155,0.75,0.7272727272727266,0.3550295857988175
0.8808512237132078,0.7229781982723158,0.6328330909640414,0.7994831373526063,0.6630046690469653,0.5185755748856593,0.5306409032354464,0.5433607231466482,0.5050505050505056,0.4760269360269356,0.4944118593143667,0.4961347000290868,0.43939393939393945,0.75,0.7272727272727266,0.3550295857988175
0.763753530509554,0.666252570958453,0.5785894695939382,0.8316901710136417,0.6941316488144285,0.5644349526917845,0.555014357532551,0.5858570154486022,0.5589225589225593,0.4958585858585858,0.5272973657374775,0.5039147446454137,0.4734848484848486,0.75,0.7272727272727266,0.3550295857988175
0.6169537972352135,0.7188973198746957,0.5461483662377387,0.7773903035685417,0.7447129909365566,0.5339776214571339,0.5219601678948909,0.550163386007525,0.5213675213675217,0.44358974358974335,0.4836893889818681,0.4748885236533331,0.44615384615384635,0.75,0.7240093240093239,0.443786982248521
0.451882104354695,0.8130724619208465,0.42202805590749337,0.7246053095462515,0.6058252840304661,0.5245168177426116,0.5361528759405862,0.6100229427676354,0.5889410537297857,0.5080751173708915,0.535604654047904,0.5469325281279702,0.46830985915492995,0.75,0.7507469056764826,0.4637886490540888
0.3416323524561502,0.744656172328086,0.3524857453769963,0.7167148190140977,0.4886387813284543,0.23500772557928773,0.2914527941961822,0.3745718481400111,0.3176838810641627,0.30140845070422495,0.33640902858996924,0.35090876787266145,0.267605633802817,0.5,0.41271873666239856,0.05375447953996204
0.30824988756180716,0.6740633484162899,0.43152275481787816,0.7917955840500006,0.583297367285283,0.34763963189293623,0.33200024663167005,0.3804203427806496,0.37777777777777777,0.3209523809523809,0.32919628741355744,0.3145714338690726,0.28571428571428603,0.5,0.5670995670995671,0.2764158918005073
0.6564369620616084,0.8648687782805426,0.3773293735601877,0.34763825420544525,0.32356495468277924,0.16650623712627066,0.1706740769561681,0.2417492361048632,0.2158730158730151,0.17234920634920625,0.1751648186188577,0.18078120819828092,0.18214285714285694,0.5,0.47272727272727266,0.27387996618765964
0.7540839158019068,0.9179185520361992,0.5178663946635582,0.5136692955220454,0.3884063444108765,0.33784952188345674,0.35659847797075983,0.4256482909434429,0.3738425925925921,0.2971180555555555,0.30962978995708834,0.35512864886246387,0.21484375,0.5,0.6496212121212119,0.30510355029585856
0.8797019911101422,0.9050515540390176,0.5728478895340379,0.5587864792698614,0.48833638749938313,0.36754634789332297,0.3709895442833915,0.41834439763527476,0.34486945962355753,0.3190163934426229,0.31160252905538055,0.3533500844055051,0.25,0.5,0.6517635370094377,0.3550295857988175
0.950967772460082,0.985465143032441,0.5270340135606393,0.5522552191638426,0.47181115264478546,0.3119931990902014,0.2949177599535582,0.32816241401831103,0.2573760200878845,0.20836158192090393,0.21295219963838097,0.253033645529662,0.13983050847457612,0.5,0.6060606060606055,0.3550295857988175
0.9602938284826621,0.9627937527368267,0.55960356904847,0.5230676193468782,0.5135951661631424,0.29440988629356557,0.27483839601534044,0.3039384125662399,0.25089605734767106,0.20888888888888868,0.23149890837913123,0.252801349839614,0.1370967741935485,0.5,0.6217008797653962,0.3550295857988175
0.9522540672663311,0.8952688969661002,0.670140492472139,0.5209938098310241,0.5649546827794572,0.3774180601530226,0.3709139096416516,0.419589803876812,0.35822707953855515,0.3111111111111109,0.3207847328583435,0.3452935407726563,0.25,0.5,0.6775956284153004,0.3550295857988175
0.9482038177788219,0.8594336593198073,0.663758614998611,0.5689925932800481,0.5931195789884036,0.43619947667564407,0.4241143407103136,0.4609175926828688,0.4145758661887693,0.3466666666666667,0.36362267560039196,0.40025464007367306,0.25,0.5,0.6999022482893444,0.3550295857988175
0.9414275617794878,0.7322087104072397,0.6915759989637977,0.7153764788038124,0.6628587613293062,0.49325237460822535,0.50483804254538,0.5300493026221833,0.4907407407407409,0.4284374999999998,0.42340303395317314,0.4537717402053194,0.29296875,0.75,0.7272727272727266,0.3550295857988175
0.9381028088359322,0.7656192133658197,0.6562488479721824,0.8075687759434558,0.6676737160120849,0.481226408440234,0.4756574159619209,0.5368545360824539,0.4774928774928777,0.4181538461538459,0.44114223501410166,0.46218409488433077,0.34615384615384626,0.75,0.7272727272727266,0.3550295857988175
0.9015232811993741,0.7044722090902953,0.5981381222892723,0.8349576931345359,0.6423772376786774,0.5076540943600367,0.5037366189546084,0.5456126833165582,0.49640685461581,0.45917081260364734,0.4739870623544169,0.4916101335384431,0.42537313432835777,0.75,0.7272727272727266,0.3550295857988175
0.7991043221378149,0.6988987121475807,0.5789481550118816,0.7785571777908042,0.5997211247966527,0.4498682350177079,0.4529437512426302,0.48514607242172714,0.44216524216524133,0.4064957264957263,0.4152907996919142,0.43123363036587703,0.31923076923076943,0.5,0.7086247086247086,0.3550295857988175
0.6461896413008681,0.704570831883049,0.48376101587681153,0.7205289734416283,0.5989309783871724,0.4439561984346474,0.43832182957958654,0.46535245709407036,0.41481481481481497,0.37788034188034114,0.4034422251692442,0.40314239923627015,0.2999999999999998,0.5,0.6862470862470857,0.3550295857988175
0.4927829738024503,0.7658823529411762,0.4704868777143889,0.7404352649192336,0.6061979309713452,0.48247031866787804,0.4749501233405331,0.5224746030768808,0.4500561167227839,0.396700336700337,0.3999986311964028,0.4384085107769726,0.3219696969696968,0.75,0.7364554637281913,0.4168908015061872
0.33820861693503623,0.7221152157763218,0.33096031403116544,0.8202702964076438,0.5745366821481719,0.4530480355833486,0.47529686478532884,0.5511723398748316,0.5312327252625759,0.45814262023217234,0.5048142559055959,0.4962142076135758,0.45895522388059806,0.75,0.6969696969696964,0.39874591539344717
0.26246566520874737,0.6662694048033413,0.38964993299557116,0.7433105650170491,0.4918661399023945,0.4730897395346796,0.4775738814226109,0.5584955555073581,0.5396011396011393,0.4700854700854702,0.5224665419651489,0.5078286608908318,0.42307692307692335,0.75,0.6764568764568759,0.31816112881201697
0.21592317873352762,0.6259857789269554,0.36009880929251437,0.7172986829389714,0.6210308896972689,0.4044128458127032,0.403553601941141,0.4823868924580741,0.4769463340891913,0.4067120181405892,0.3983532734030151,0.41131284061799267,0.3571428571428572,0.75,0.6277056277056277,0.3097451998550911
0.1868735073744432,0.7031674208144794,0.27394598795414815,0.7796489313549813,0.5906344410876141,0.8913510905785644,0.9215668765162004,0.9873383698777056,0.8518518518518516,0.793333333333333,0.771286606941203,0.8485416911314805,0.75,0.5,0.9696969696969697,0.887573964497042
0.6568818325853396,0.9905158371040725,0.34212810051162523,0.5930592327581399,0.2054380664652573,0.060984220396870015,0.09309778591378803,0.10804942383653948,0.14814814814814792,0.10444444444444434,0.10615071896408912,0.11060155627113,0.0,0.25,0.3636363636363633,0.0
0.7335386486245152,0.9293867998127632,0.47598757450495643,0.4291835459263036,0.28513386811126207,0.13357392754330366,0.15552963299967626,0.19412879089042345,0.13282247765006439,0.11315453384418861,0.10856500530883384,0.13537717442013886,0.04597701149425282,0.25,0.4862417276210378,0.10201999591920075
0.8507696548113302,0.984375,0.5790023314552168,0.4495514663254363,0.4205060422960729,0.26053497774753254,0.27871803887425406,0.321285570484831,0.23495370370370372,0.20562499999999995,0.21226614846043823,0.2440765859379348,0.1640625,0.5,0.6060606060606055,0.3550295857988175
0.9272782076218249,1.0,0.5435395149791888,0.495106823165653,0.456529036589461,0.28896283810836376,0.2705231292393262,0.291695574283132,0.21046443268665493,0.17333333333333334,0.17616502296168024,0.2308217695091379,0.06746031746031722,0.5,0.6060606060606055,0.3550295857988175
0.9486656602929742,0.9756989759466541,0.4779142338067828,0.6004788694061058,0.5081889012561609,0.308317783426582,0.30394717476868927,0.3393939587263728,0.2599090318388564,0.208382066276803,0.23143947348609428,0.26742629300805687,0.17982456140350855,0.5,0.6422115895800102,0.3550295857988175
0.9468448165756342,0.8454382178907065,0.6218150478496314,0.7240095639329265,0.5736462932837547,0.44173156611215525,0.42994616571434907,0.4730248394163148,0.4193732193732198,0.37258119658119604,0.3689736447396612,0.39627434377646065,0.25,0.5,0.7272727272727266,0.3550295857988175
0.9389088095495239,0.7471657754010694,0.6888900663915241,0.8178011960075964,0.616314199395771,0.4327092922264155,0.42837026183009996,0.4821133363820582,0.4298540965207631,0.36956228956229076,0.376660529863873,0.39107506769144607,0.25,0.5,0.7272727272727266,0.3550295857988175
0.9270442535907399,0.7211193873999302,0.7071024694494679,0.8226079316921895,0.6400185916802243,0.4609304477994156,0.45512047744489603,0.4979647947291621,0.4353276353276354,0.3799999999999999,0.4217536585224604,0.4221400891240257,0.25,0.5,0.7272727272727266,0.3550295857988175
0.8885422195031154,0.7628123912286808,0.6796112248608848,0.7529059770765139,0.6242156634905882,0.4634598242756738,0.4684410954000624,0.5222261118022047,0.46495726495726464,0.4181538461538459,0.4357565193219788,0.4412999004925928,0.2884615384615383,0.5,0.7272727272727266,0.3550295857988175
0.8105799686613686,0.7739227288548558,0.5722686354510722,0.6891736107567061,0.5807576109690915,0.43332062746821265,0.4522339492201528,0.5000949647596622,0.4250712250712252,0.3757606837606837,0.4152907996919142,0.4200177715570472,0.27692307692307727,0.5,0.7198135198135196,0.3550295857988175
0.6785552683274254,0.7184277706490172,0.526183923978321,0.7661800589744685,0.616314199395771,0.4861014052164485,0.46056052727388685,0.49848362097883125,0.4444444444444442,0.3902819237147588,0.3997927999092097,0.4214623465427798,0.3246268656716418,0.5,0.6947082767978294,0.40801907621655076
0.5248893520899607,0.7926933518969719,0.4957251672619849,0.8328293492357013,0.5736462932837547,0.4708651072121883,0.4568476623662585,0.5013202838037554,0.44330484330484277,0.3990769230769229,0.431447946768281,0.44050403140497574,0.33076923076923137,0.5,0.7086247086247086,0.3659535730541652
0.3680292132144647,0.6611820396797774,0.37954297499663725,0.7775655851040744,0.5392749244712993,0.45468319264721213,0.5002402260070697,0.5920127441288567,0.5601139601139598,0.5389743589743592,0.5655522675021283,0.5581157965751,0.4615384615384617,0.75,0.639160839160839,0.3727810650887582
0.2416744473440673,0.5384237185115146,0.2957217023489507,0.7491022556350624,0.5392749244712993,0.4473420424355936,0.4907447699959224,0.5780196287812283,0.5356550580431176,0.5074958540630181,0.5863234456341342,0.5791447344327456,0.5,0.75,0.6019900497512429,0.2874679855162068
0.1667721557921702,0.5473303167420813,0.08686507234567387,0.6439778087347106,0.5699373224511888,0.4700773208326021,0.4898036643293038,0.5779830520933444,0.5245992260917638,0.508524046434494,0.5528837780531957,0.5202068669243642,0.43656716417910424,0.75,0.7458163726820439,0.4676322529365011
0.09748393358133356,0.4829385147724248,0.28148131216737715,0.712568245820268,0.6117824773413902,0.4427555960994427,0.46305877800510764,0.5331126002324158,0.49891067538126377,0.44483660130718894,0.47887392553949937,0.465494797584046,0.3786764705882355,0.75,0.713903743315508,0.44639749390880645
0.06553043300168682,0.49411764705882355,0.508363212462688,0.8873052570108604,0.43655589123867156,0.6665981215740162,0.6588229033199333,0.697472441101441,0.6835016835016847,0.5490909090909089,0.5676086316754843,0.5961721393867849,0.5,0.5,0.7520661157024788,0.6697149004841316
0.7370895399605519,0.9412757261713618,0.4414932176797841,0.4871971012365066,0.22863268687262472,0.07514401004475957,0.09703680552454896,0.1665643371550991,0.1027479091995227,0.04222222222222172,0.04291199277271662,0.09394488154910174,0.0,0.25,0.3636363636363633,0.0
0.8128612888629476,0.9377117647058824,0.524791140470177,0.5950856125099986,0.33191087613293124,0.20023706146025955,0.19971300719838503,0.22912626188098306,0.15648148148148122,0.13199999999999967,0.15341037416246284,0.1737091849663468,0.06875000000000009,0.25,0.5030303030303029,0.19970414201183484
0.9018224928237508,0.9712979280781138,0.4773506851774212,0.7058397657410291,0.4216886627444758,0.2684230312265443,0.24529096202229095,0.2630802287872447,0.174139051332034,0.13828460038986323,0.16265349061126821,0.19976190654327652,0.03947368421052566,0.25,0.6060606060606055,0.3550295857988175
0.925143992168092,0.9717043740573152,0.49726403524732676,0.8025554060561715,0.4671270320817156,0.284938280395135,0.2739651057134056,0.31050324913452787,0.22104644326866518,0.19957671957671952,0.20728249140505373,0.23159728568357973,0.13095238095238093,0.5,0.6387686387686387,0.3550295857988175
0.9290169826100154,0.8731391402714932,0.6394744511365844,0.7788076582351084,0.5304475075528705,0.3496107415678642,0.3536187882305666,0.4080343296846056,0.3680555555555558,0.3003472222222219,0.3468248889558083,0.3410132565807773,0.25,0.5,0.7272727272727266,0.3550295857988175
0.9211901161764011,0.8457013574660635,0.6793522950507602,0.7095155261717558,0.6030852329945997,0.42241494236548593,0.43557045052781085,0.49349395114007333,0.4590347923681253,0.37373737373737326,0.4222759097410904,0.415707037306944,0.25,0.5,0.7272727272727266,0.3550295857988175
0.8853166314200855,0.8040695701357468,0.6718395829285668,0.6858505388953307,0.6829210725075532,0.47242263553557695,0.46451611202889254,0.5206488080807814,0.4525462962962963,0.40798611111111116,0.42012111345328584,0.43835407949467564,0.2890625,0.5,0.7272727272727266,0.3550295857988175
0.8355066827247093,0.7193921793746201,0.6343588063181276,0.7720200361050418,0.6868377147495162,0.5440778433653852,0.5535693116919012,0.5888646167386486,0.5417357656163628,0.46225538971807634,0.48130198963774795,0.5082820291024337,0.38432835820895495,0.75,0.7471732247851648,0.4451117195089651
0.7240109829269556,0.7507664462234596,0.615749278892858,0.8525510260051028,0.6502904950034871,0.5316310914731357,0.5175830554229446,0.6020038071037694,0.5504273504273507,0.5018803418803417,0.5219279703959367,0.5232007249349975,0.43461538461538485,0.75,0.7086247086247086,0.46426945835229994
0.574184763698824,0.7114932126696831,0.5823724304392657,0.8306382108023984,0.6440320337601317,0.4868578869134774,0.47223271509262155,0.5350672758503734,0.5420340975896525,0.4751322751322742,0.5073437942518728,0.46733899651444455,0.41666666666666696,0.75,0.6522366522366516,0.40574809805579104
0.40116422877631486,0.6714356232003293,0.41312679937121377,0.7896829266505418,0.5563947633434045,0.41437154364032747,0.4189797244670661,0.5071581150257174,0.4826038159371495,0.4154882154882156,0.4615263528912559,0.4439242140497419,0.41666666666666696,0.75,0.697887970615243,0.3550295857988175
0.2478131563684407,0.6080296174413822,0.2890651217832101,0.6859891018894986,0.5019225487503443,0.3770657801501347,0.42308080281916016,0.5327227259911131,0.4702581369248038,0.43323232323232297,0.47213458076967907,0.46430328614176286,0.3901515151515156,0.75,0.6510560146923785,0.30392684238838097
0.10858716533666701,0.5052864601461888,0.21671573682453804,0.6851771917465534,0.5740413664884958,0.4975606950820932,0.5142943060521308,0.6267175496700155,0.5715099715099714,0.5294358974358975,0.5397008321799417,0.561977235481689,0.5,0.75,0.716550116550116,0.4082840236686387
0.06679912833980062,0.3967560041768188,0.2752771093940709,0.7241297569858636,0.7146874273762487,0.5841994579977756,0.6002749910416112,0.7000293306312129,0.658119658119658,0.6099829059829052,0.6581865774066333,0.618218651006651,0.523076923076923,0.75,0.801398601398601,0.4765589440145659
0.03505064161539195,0.29788883636118046,0.7031116034360931,0.8475121864002613,0.6665238760878394,0.48281972003820783,0.5038054803448491,0.5708505979560874,0.6019900497512425,0.5517081260364831,0.5967733417531775,0.5690643859142095,0.5186567164179108,0.75,0.721393034825871,0.4702817274573885
0.038752558054333974,0.1963800904977373,0.5934417028258101,0.8440699037072401,0.49932863376972403,0.7873791574059004,0.7914943414489484,0.822560187759283,0.8436213991769548,0.7320987654320987,0.7946247082737328,0.8284026005151861,0.708333333333333,0.5,0.6127946127946124,0.48323471400394524
0.8069639066363763,0.9609582113388346,0.42086576227537864,0.6345193550234287,0.2892749244713002,0.12503516737414788,0.12779562272141387,0.16414741277875233,0.12200435729847481,0.0912745098039216,0.07835092178857517,0.0961612572617323,0.0,0.25,0.4064171122994651,0.07309432648799152
0.8577564581900781,0.9565799959478625,0.45347190606130017,0.6714140407283458,0.374081255354648,0.25023397862174246,0.24002044813067647,0.2761156469918564,0.2410171365395244,0.1949253731343279,0.20124477364738436,0.2234156694785865,0.11567164179104461,0.5,0.5879692446856621,0.3550295857988175
0.8837710334607856,0.992381735911148,0.5808110245646672,0.6072027074482447,0.4108761329305137,0.29056923117287603,0.29100743861649336,0.3341282136477304,0.2682379349046018,0.2161279461279464,0.22708451677811015,0.2643735575124917,0.19318181818181834,0.5,0.6317722681359044,0.3550295857988175
0.888004572562469,0.9051432880844641,0.5895271607336894,0.6669191621696287,0.43037372720152156,0.2719580337080716,0.2706004313114394,0.3426322166094704,0.24622770919067216,0.22499999999999964,0.23904824044099726,0.2961323963567515,0.1435185185185186,0.5,0.5791245791245787,0.3550295857988175
0.8927131322867261,0.852455273233554,0.5962288213696805,0.7713355785268436,0.6226353706716248,0.4255191771318021,0.43193361137728736,0.49951058183094066,0.4455840455840465,0.37152136752136755,0.43360223304512946,0.43908915302698937,0.3269230769230771,0.5,0.7310023310023306,0.46426945835229994
0.8682949316048116,0.5966844919786096,0.5872558889850514,0.9104124473174384,0.8536574201226781,0.7691214426379718,0.7940652826128556,0.8597900835636452,0.8226711560044895,0.7578451178451173,0.771286606941203,0.7403932649610883,0.6060606060606064,1.0,0.839302112029384,0.6401291016675641
0.7785191083204914,0.47177293294940337,0.5677564453550468,0.9279216310075877,0.8886752723610734,0.7672306436839236,0.8320002573697263,0.9063150763590562,0.8888888888888888,0.803771043771043,0.8550916071807437,0.8188614015205364,0.6742424242424239,1.0,0.8007346189164375,0.6024744486282945
0.6377617502846231,0.5884569627332346,0.5807084451216629,0.8985108574846674,0.6884483519467759,0.6218815862246894,0.6445937532765482,0.7071836264570264,0.6308780690803162,0.547191011235955,0.5820906506331056,0.6342133675205295,0.5,0.75,0.6060606060606055,0.3550295857988175
0.4952894649212549,0.7631770029278679,0.45383680575397034,0.8381396432853119,0.5335347432024173,0.44682796393072355,0.4933328780902908,0.5518455660888737,0.5185185185185186,0.44483660130718894,0.49987821673877697,0.5300323680836083,0.382352941176471,0.75,0.6573975044563278,0.4218586843021237
0.3208361549033576,0.7244755244755243,0.3975131144355937,0.7434833425306462,0.47935548841893283,0.3520051908385424,0.3889905890173786,0.4645689955234533,0.41526374859708204,0.36747474747474795,0.3798429982273994,0.40897207331072005,0.3333333333333335,0.5,0.6740128558310374,0.3550295857988175
0.11469379218141285,0.5123279529952052,0.2865196071323972,0.7701883627454531,0.5316093249763272,0.4113617644002767,0.45307758953443056,0.5512820699384822,0.48037589828634664,0.443747927031509,0.5027242766817874,0.5034634795269071,0.4477611940298507,0.75,0.6906377204884668,0.3643027466219202
0.0290817125514522,0.14986425339366494,0.45686859248157097,0.8344308103762221,0.827866494029637,0.6719875417219496,0.680753020352074,0.7643769826735003,0.7648442092886536,0.7069488536155202,0.7257217424348346,0.7142572639769749,0.6746031746031749,1.0,0.805675805675806,0.5114116652578193
0.02111240675148629,0.0096440872560275,0.49922719799100457,0.8804531555727155,0.9884790548766755,0.8719802786075377,0.8486862764654495,0.9193715684528199,0.8717523493642898,0.7892205638474294,0.8413009109387941,0.8344277733688581,0.75,1.0,0.867028493894165,0.6133533515852703
0.0337027503270626,0.24981022489363136,0.38640873735074366,0.7101706942812462,0.774608828966949,0.6480422211067101,0.6738357297467363,0.7295202699941647,0.6395798783858484,0.61339966832504,0.6855974587650469,0.7131704746292091,0.5466417910447765,1.0,0.6603346901854366,0.2914421972975365
0.05763862022957689,0.29761085972850676,0.7084774302182504,0.7598408658287814,0.5238670694864052,1.0,1.0,0.9826208915579473,0.748148148148148,0.7588888888888885,0.8763080629375892,1.0000000000000004,0.6500000000000004,0.75,0.6121212121212114,0.3461538461538467
0.8175155202562756,0.9290776192133663,0.36030946580781453,0.5416550011041543,0.34305523278333006,0.16972201352982186,0.18681531294827636,0.23363205848126567,0.1766381766381766,0.14065527065527084,0.16000787588531296,0.17796794432022534,0.08974358974358987,0.5,0.5236985236985232,0.22758306781975524
0.8498668869265984,0.8643043783060356,0.501669690443679,0.6359576428180753,0.47525637206927396,0.3563130674628896,0.3454310719431106,0.4134714132862882,0.38288993218570644,0.3091705790297343,0.3546521923076513,0.3511921171957182,0.20070422535211252,0.5,0.6845924029022621,0.3550295857988175
0.8630632367819722,0.7492907621129699,0.42509763514472265,0.7857775391113353,0.450117111918261,0.356182349148475,0.3854309451668243,0.461527809560935,0.3986683312526007,0.3312359550561794,0.3571008647532077,0.3824878907422695,0.31179775280898925,0.5,0.5488593803200539,0.2912040422844244
0.8625031358434612,0.5384517925513397,0.5010270691249907,0.8990498786860994,0.6979626617088854,0.709195351734146,0.7548738148818517,0.8528266154296151,0.8167141500474835,0.7562393162393155,0.8161675710422225,0.7949998439006278,0.7179487179487181,1.0,0.7770007770007767,0.5826126536185718
0.8167951218912037,0.4799830316742082,0.5597192539343308,0.9352925966027816,0.8803342145015112,0.8138075121645754,0.8601660440634404,0.9479213878780381,0.9606481481481484,0.8654513888888884,0.9321007114356696,0.8616212561110532,0.82421875,1.0,0.8257575757575752,0.6323964497041423
0.7324888865367303,0.4940090497737557,0.6178837418005867,1.0000000000000002,0.7982736296935702,0.7890833060625937,0.8306108173501121,0.8835363422852529,0.85079365079365,0.7785714285714285,0.8162958023682254,0.7893105028435108,0.6928571428571431,1.0,0.7688311688311682,0.6491969568892655
0.6192318295550923,0.7006757164404225,0.5722283386942411,0.8744809718975606,0.5598187311178258,0.4595066153920975,0.4763264700905152,0.5430921431137516,0.41234567901234565,0.41291358024691327,0.4212150869532483,0.49692721949933194,0.34444444444444455,0.75,0.5575757575757576,0.3550295857988175
0.45757525840278923,0.8562217194570136,0.46464422178430365,0.8217948399977677,0.4104175658178688,0.23530141355997003,0.2617701952713336,0.35331891120897785,0.27711640211640276,0.260674603174603,0.27055930781557525,0.33070844285475953,0.25,0.5,0.4924242424242422,0.2948013524936606
0.32642571000994813,0.6914247875510435,0.2606564826091238,0.7654852468204247,0.48979441456046047,0.3038831496305727,0.35379383425779043,0.4645296005652728,0.39747064137307975,0.3575971093044261,0.3850694909870125,0.45192658611506165,0.27439024390243905,0.5,0.5479182064547921,0.24534564872276032
0.09983445666522783,0.4484517017509342,0.25870330167472466,0.8019854602488745,0.5794693287797195,0.39354665716161286,0.45554395836168826,0.5644115105978349,0.5362318840579712,0.48083735909822867,0.5165968923992423,0.5161092451419491,0.46739130434782616,0.75,0.6864295125164688,0.3614612811937228
0.018898749374329782,0.14519457013574666,0.45167673243519957,0.9014554268518167,0.8288551777334972,0.7304523371123546,0.7424141045570201,0.8302263978070181,0.7919621749408976,0.7398345153664296,0.7504312823461756,0.7582541374738168,0.6755319148936172,1.0,0.7240490006447446,0.3946871459146415
0.007902557479377847,0.10843758317806751,0.6003497182824951,0.9367864712338101,0.9833836858006046,0.7510379191213357,0.7676090781299196,0.8251349594761193,0.7995642701525054,0.7133006535947706,0.7877605608229894,0.7472708175713296,0.6985294117647056,1.0,0.8146167557932262,0.5273233553776544
0.03298902745272336,0.07175366957289464,0.527663916623623,0.866868412699157,0.9125709232923134,0.664926927608823,0.7344564270306719,0.8220338650804511,0.7723577235772363,0.7362059620596204,0.8003169281109361,0.7531795714503438,0.75,1.0,0.8181818181818183,0.443786982248521
0.047362111131311835,0.0,0.5651188394534035,0.8976184128125795,0.641993957703928,0.8901625883788764,0.9441740709321182,0.8584348064391181,0.9999999999999996,1.0,0.9813295189339755,0.8789099921506582,1.0,0.5,1.0,0.7988165680473376
0.7721858668266997,0.7382832444114267,0.5238949994538673,0.6767633043063503,0.33996933760202097,0.17522825522355223,0.21580419256280692,0.24458654203638774,0.23493642896627964,0.17179104477611995,0.21796460743785406,0.19491902465951672,0.20615671641791034,0.5,0.43600180913613773,0.1059789808354683
0.7970270966335278,0.6302262443438913,0.613244680468306,0.8442481662212693,0.48302402532009836,0.47723667863029284,0.5103385681141628,0.5720213422595286,0.5355673133450911,0.45599647266314003,0.4773376639671909,0.49498386720337795,0.44146825396825395,0.75,0.6406926406926399,0.3550295857988175
0.821469432847767,0.6543988861816916,0.628590216855226,0.8570232091831314,0.5325586799907045,0.44359050545012835,0.48542902380469943,0.5657720655230492,0.5128205128205123,0.4711452991452991,0.49499939193532505,0.49289874633978714,0.3692307692307697,0.75,0.6638694638694638,0.3550295857988175
0.8120121865069194,0.6350865051903112,0.6552532028937477,0.9287249935533708,0.5740181268882187,0.48403274357388515,0.5201195538267998,0.601514233929139,0.5620915032679732,0.5218300653594774,0.5149106996559061,0.5411337882001006,0.43933823529411775,0.75,0.6274509803921573,0.3550295857988175
0.7835864190710389,0.6399291756836512,0.6371649354391518,0.9229856066330637,0.6576251149349819,0.5701856435064778,0.600151547211615,0.6704460035294231,0.6199677938808379,0.5392431561996771,0.5891479465416731,0.5941924184294991,0.4773550724637685,0.75,0.6464646464646462,0.3550295857988175
0.7000561600657544,0.7103085150143977,0.6268513775799573,0.9575885999924469,0.6093106289480907,0.44756556972250916,0.4665382524024304,0.5115395588803535,0.4826038159371495,0.3946127946127942,0.46046553010341285,0.45132686844214254,0.3674242424242422,0.75,0.5821854912764,0.3550295857988175
0.6048953680889149,0.7823227752639519,0.5926522153450462,0.9273805021112487,0.46142041912434806,0.33832655380967047,0.3397288264309144,0.394077787745128,0.3280423280423288,0.28814814814814804,0.31619363095686204,0.3377213519861404,0.23809523809523814,0.5,0.5444925444925444,0.3550295857988175
0.4652890238409544,0.705125462772521,0.23950796089906246,0.786713763669846,0.5042570722329032,0.4183932430029058,0.44894555833520844,0.549747234527981,0.49046015712682367,0.4488888888888889,0.48168198586025923,0.49520573947788327,0.3901515151515156,0.75,0.6887052341597792,0.3550295857988175
0.31507300622135226,0.7271074491794423,0.01065007196386425,0.7232887793499228,0.530842765026831,0.44816985491298844,0.4912038459308583,0.5937476045710799,0.5356550580431176,0.5008126036484244,0.5251915533377307,0.5291290477407711,0.38152985074626855,0.75,0.7327001356852101,0.3550295857988175
0.09320878942202171,0.6517713601277615,0.3580574254181954,0.7568130245978566,0.5256797583081578,0.4181553483632632,0.4647323798326166,0.5756023400261121,0.5264161220043575,0.46611111111111114,0.4891701467156162,0.5450361909567873,0.4411764705882355,0.75,0.600044563279857,0.32827184128089204
0.030483200083741835,0.36818358112475735,0.3858135443802546,0.8509125269165325,0.7373759171342256,0.6344527018440624,0.6482373277033275,0.7342899820636095,0.6541950113378694,0.6457142857142859,0.7155609364125084,0.7001078953432835,0.5663265306122449,0.75,0.7022263450834876,0.3758604033329318
0.0,0.25505774295941075,0.5716762989018385,0.893206849389484,0.951684177300808,0.6524030189786982,0.6410003235004442,0.7098785886007928,0.6744057490326143,0.6452736318407961,0.6803725107055252,0.6447027457199686,0.5,0.75,0.723654454997738,0.3841738055285706
0.0037037391452141577,0.23521754263835737,0.5437903417308896,0.6935823587123509,0.9290804864822997,0.6439039167897738,0.637638180835931,0.6922941114349124,0.6704653371320037,0.6334757834757836,0.6743437244830002,0.6439443823480615,0.5705128205128203,1.0,0.7257187257187256,0.37778789258079293
0.018043353116652838,0.22285306025244123,0.48800357217115065,0.6038768711037201,0.7987756400063608,0.7805910259339992,0.7487792720777398,0.7581521162515035,0.6218323586744634,0.608421052631579,0.7307520098899669,0.8122540168105394,0.6184210526315788,0.75,0.6969696969696964,0.4998442852693872
0.609063263284801,0.7400812945778052,0.48495366177873356,0.7058137277847079,0.3338368580060429,0.13254279634076926,0.17967919600477877,0.23472664487636807,0.206528562460766,0.1599058380414311,0.18684517102910947,0.20740731506722776,0.10275423728813537,0.5,0.3636363636363633,0.0
0.6970320418092371,0.7387938137367462,0.5549733361558249,0.8262025859887003,0.43655589123867156,0.4295736389029514,0.46891570928972026,0.5275437995021717,0.5024875621890543,0.4617412935323384,0.4478623220568094,0.46022521864739474,0.38712686567164223,0.75,0.6187245590230663,0.3550295857988175
0.7778861243750974,0.731258484162896,0.6208551907259894,0.8650457824639288,0.5392749244712993,0.4269252857037884,0.47150877101595956,0.5597441438313755,0.5231481481481484,0.435972222222222,0.4945113114507267,0.48529561734766435,0.431640625,0.75,0.670454545454545,0.3550295857988175
0.7905258544878073,0.7758453311394486,0.6221256670061801,0.9382643797958259,0.5392749244712993,0.43153879763581404,0.4491785741506682,0.5002332058825854,0.4590347923681253,0.4144444444444444,0.4307624920438293,0.43945359139707696,0.33712121212121193,0.75,0.6060606060606055,0.3550295857988175
0.7567864664900519,0.7609996519317783,0.6239671603572905,0.9657378255645857,0.5392749244712993,0.4424020032504412,0.4472889951302239,0.5208499842603764,0.4552706552706547,0.4144444444444444,0.44006509187567655,0.45037870341800623,0.335576923076923,0.5,0.6060606060606055,0.3550295857988175
0.6863374950274288,0.7639234249912983,0.5895572725959359,0.9031222530283165,0.5392749244712993,0.3642960766402057,0.37358788512961016,0.42489807757678344,0.3914529914529914,0.325418803418803,0.34419935255589795,0.3651028045114457,0.31634615384615383,0.5,0.5557109557109552,0.3550295857988175
0.5857057695698984,0.779945701357466,0.5176288901177186,0.847357684509453,0.523471996281665,0.3493940875210466,0.34323201863497443,0.39287012287041234,0.34814814814814854,0.3084615384615379,0.3258879192026818,0.34379119894302557,0.2355769230769229,0.5,0.55944055944056,0.3550295857988175
0.40981161384271125,0.6948054298642532,0.1532762425709775,0.7846219189202464,0.5392749244712993,0.48436527322402334,0.5194048806139708,0.6253791242526221,0.6079772079772083,0.5183076923076921,0.5574736939639449,0.5544606940986356,0.4259615384615385,0.75,0.7160839160839156,0.3550295857988175
0.32245496662397066,0.6496143715810092,0.28574632182008175,0.774682521518981,0.5392749244712993,0.41171654117630396,0.42107999686939745,0.5105356396364034,0.5179657269209499,0.4494029850746264,0.4739870623544169,0.4766254452442209,0.4188432835820892,0.75,0.6784260515603799,0.3550295857988175
0.21584518374210226,0.6549159323648488,0.29843308484929043,0.7621837737219679,0.5392749244712993,0.41175917663096673,0.4278752871821023,0.5266055112035213,0.4998050682261206,0.4467134502923975,0.4551167499415554,0.47507158905750346,0.4236842105263161,0.75,0.6622009569377996,0.3550295857988175
0.1083956331805691,0.6761035696329811,0.31883369672372996,0.793625918095006,0.7332997650218198,0.5292284095571009,0.5566791260807813,0.6702235321570864,0.6138545953360759,0.5751851851851848,0.6325545601311617,0.6376382934353724,0.5347222222222223,0.75,0.716049382716049,0.42077580539119097
0.028581857055172577,0.20360370095225222,0.4312012890666159,0.8019146944115481,0.9961446543716486,0.7987780038208117,0.7939414712243424,0.88848255553531,0.8767274737423993,0.8159535655058043,0.849660827834029,0.8287084266916751,0.7686567164179108,1.0,0.8828584350972406,0.5775854455532992
0.008258146029490376,0.09468725046579718,0.5048210074781807,0.8148398664645085,1.0,0.7808378639811488,0.7842320152004483,0.8202697220951611,0.8376906318082793,0.7578758169934643,0.8145307358808918,0.7714319032309551,0.6764705882352944,1.0,0.786096256684492,0.4751131221719467
0.004641734817704801,0.21147588331568334,0.49705467758537303,0.6903330794672848,0.7239506331554937,0.795019194201763,0.7438374841446498,0.7778635616355105,0.7194641449960604,0.6599527186761218,0.7280862917086468,0.6978701574957538,0.6010638297872344,0.75,0.7530625402965825,0.4607830794410175
0.4553371158241113,0.7914080383284534,0.3982902661744707,0.6536230784577548,0.4023162134944611,0.12688006457954604,0.1637328295310323,0.23710194762950776,0.20987654320987614,0.14699346405228741,0.18028351143212706,0.20880498159943128,0.15073529411764763,0.5,0.3636363636363633,0.0
0.5558342777230223,0.8490767880056729,0.571908284495533,0.8098389895030331,0.45188709022861406,0.43170229955910955,0.46056052727388685,0.5427231249737714,0.48700939745715877,0.4432338308457715,0.44368236360919244,0.46837528766238323,0.3386194029850751,0.75,0.6060606060606055,0.3550295857988175
0.7013384339282851,0.8417276840806251,0.5888337425154995,0.8957145973465519,0.5392749244712993,0.4238255384105676,0.44994752634168567,0.5329640767119193,0.49943883277216594,0.4833333333333334,0.4891077453751551,0.4614438294450909,0.375,0.75,0.6060606060606055,0.3550295857988175
0.7735121341906179,0.8955162484574246,0.5189528861570829,0.9364986649335514,0.5392749244712993,0.464432696899892,0.46374206261691153,0.5273944446933143,0.4769921436588098,0.4541077441077439,0.45303977058851697,0.4632872355388842,0.3484848484848486,0.75,0.6280991735537187,0.3550295857988175
0.7445773349209102,0.7958641183224149,0.5740348191044005,0.9400821400348878,0.5392749244712993,0.4275041077094661,0.41327570597548746,0.475092829077413,0.42509673852957386,0.35686567164179106,0.38516294534254847,0.4173444169352072,0.3125,0.5,0.5897783808231569,0.3550295857988175
0.6510943756296879,0.8013669210508545,0.5858583515297033,0.937633430822068,0.5392749244712993,0.3940368318376688,0.3942011008789006,0.4414971412565336,0.39414040906578274,0.35069651741293484,0.3778480180592183,0.37786662649594405,0.28264925373134364,0.5,0.5952057892356395,0.3550295857988175
0.5256849179048793,0.7828836981778156,0.4681289021681483,0.8395829671026693,0.5392749244712993,0.458393658627525,0.46199948218075626,0.5197334409401568,0.46546546546546486,0.4237537537537537,0.4467608465199371,0.46412596765817193,0.33614864864864824,0.5,0.6535626535626538,0.3550295857988175
0.366004932043122,0.6613574660633486,0.31527403286467304,0.7608511776063269,0.479146709896102,0.3728500963807333,0.38025079094386083,0.46766263177964085,0.38934056007226703,0.37243902439024357,0.4024307614904803,0.4285375968712377,0.3475609756097562,0.5,0.6060606060606055,0.3550295857988175
0.31918503157155165,0.6077476869048424,0.3939212041598883,0.7545146803633977,0.43655589123867156,0.31320685636638146,0.3181551722567675,0.3984280912738605,0.3764510779436159,0.32601990049751217,0.3778480180592183,0.3712750794504891,0.2863805970149258,0.5,0.5807327001356857,0.3550295857988175
0.30195812530692834,0.655767899920149,0.38390533987055075,0.7775770741458989,0.4894259818731115,0.22407701734810992,0.25410732821651827,0.3372958053477233,0.3376906318082793,0.28477124183006497,0.338845317544318,0.3310239155892152,0.25,0.5,0.5080213903743305,0.21928297946397546
0.20750087590418254,0.5208357732233162,0.3313104530718449,0.8128532196489602,0.6283987915407865,0.5831328534595954,0.5874481030226679,0.6829619115659114,0.6688453159041399,0.6251633986928109,0.6930353260027191,0.6413705954702134,0.5477941176470589,0.75,0.7557932263814617,0.3550295857988175
0.05184541248117114,0.41210829051307596,0.3491540791136083,0.7530559213053369,0.7925905064263405,0.6106295568930449,0.6132900332108306,0.6699225867233123,0.561833019460138,0.5965913370998113,0.6454981963692603,0.6912087892518177,0.5402542372881358,1.0,0.54648176682075,0.08424430849463427
0.006343438451958505,0.15677920872491002,0.4360496557893099,0.6373086390664626,0.7271541818369611,0.6569655898248001,0.6325841275462505,0.6746578954498474,0.6464070908515356,0.6367141500474833,0.6725484859189592,0.6252635662637092,0.6047008547008543,1.0,0.6910126910126904,0.3550295857988175
0.005413437628586593,0.15203619909502253,0.5521663104721197,0.8384546345153432,0.43655589123867156,0.9773194163559626,0.902650652617166,0.9221513967319561,0.6666666666666665,0.5866666666666669,0.5612436949484305,0.8942378412455114,0.5,0.25,0.4848484848484844,0.3550295857988175
0.3674987906669376,0.5474660633484163,0.34569374670404396,0.7043973486938782,0.4310530858869237,0.11342687995808287,0.13298443456500308,0.20380810713241093,0.15608465608465583,0.13888888888888884,0.15241016981964028,0.17899524006713863,0.10044642857142883,0.5,0.3636363636363633,0.10777683854607023
0.41821266334296325,0.6859215236037008,0.47640754842457644,0.9462719327672924,0.5055462866934217,0.47123034535468644,0.4894823111748474,0.5662236469388402,0.5290215588723055,0.4494029850746264,0.48339196886155555,0.5002892421210698,0.39645522388059806,0.75,0.6512890094979644,0.3550295857988175
0.6337498341440835,0.9178033730974904,0.5812506255482748,0.907043779018742,0.5392749244712993,0.48147990016813846,0.47816574159387937,0.5423024930631133,0.4971941638608297,0.45619528619528626,0.46895211240615176,0.4641436210470258,0.36931818181818166,0.75,0.6060606060606055,0.3550295857988175
0.7654125763998714,0.8239886877828053,0.4074088465772945,0.8433822366830153,0.4891993957703935,0.3976274684583654,0.4262270988674075,0.4802860329439542,0.4777777777777783,0.4213333333333331,0.443094556952496,0.40945868897445603,0.3718750000000002,0.75,0.5909090909090908,0.3550295857988175
0.7286349775510956,0.9032296380090497,0.3980312155948449,0.812002511951339,0.4119461228600203,0.38172712479379545,0.406179874454085,0.4689237515579996,0.2962962962962963,0.313981481481481,0.3453662576225245,0.43497117529991325,0.2903645833333335,0.5,0.42297979797979757,0.16642011834319614
0.6464355383978138,0.8290511244681569,0.5377522722505599,0.8016912011103778,0.5392749244712993,0.4517471874045853,0.43797399127503933,0.5023058848626443,0.4472084024322833,0.4144444444444444,0.4175576233115841,0.4475711641241258,0.3386194029850751,0.5,0.6060606060606055,0.3550295857988175
0.4684650623923847,0.7757882513114169,0.27857680362533244,0.7578970911014593,0.4456460711707635,0.3834890252554457,0.41060290900562624,0.48580769465846974,0.3602097672894131,0.31812192723697175,0.3955018691134251,0.45825039909892684,0.3235619469026547,0.5,0.5256100831322064,0.21992983191077098
0.34833233879143854,0.6157002538351177,0.30609037390160165,0.7431161368747603,0.3507479183553164,0.3283537335387736,0.3769311680704428,0.47821232989097906,0.3785004516711834,0.3472357723577235,0.39175784929572544,0.46088730277340995,0.31935975609756095,0.5,0.45676274944567563,0.2944147784673117
0.3131118918663631,0.5623295869216174,0.44962684878200987,0.7263058866732448,0.43655589123867156,0.35143882248825076,0.3811191644383598,0.462880738248137,0.37714058144165685,0.3477777777777775,0.42535571783482684,0.43133267819139665,0.34072580645161343,0.5,0.5669599217986319,0.3512120633708724
0.2851174690472149,0.6597651950593124,0.3214852699989674,0.6875945880590006,0.48375112272393306,0.4322144885533268,0.44159107538131437,0.514782489667402,0.437437437437437,0.40885885885885864,0.47041432760020374,0.5036236598781025,0.4087837837837842,0.75,0.5045045045045038,0.21109867263713422
0.161688020430109,0.644411764705882,0.23273535824536395,0.6180530581580161,0.6377139979859026,0.5055225593549997,0.5449170055292898,0.6466077766915337,0.6502057613168728,0.5904938271604943,0.6409822078345755,0.6198666813627236,0.5555555555555554,0.75,0.737373737373737,0.3550295857988175
0.020157610263709103,0.24563690224291101,0.359253766600087,0.6219942330599089,0.6264752548414458,0.5731859165845128,0.5936093202501889,0.6869077707559352,0.5755395683453242,0.5589128697042369,0.6106062977668758,0.6648370062085536,0.5215827338129495,0.75,0.5650752125572263,0.14558767187433563
0.0055966196089478615,0.041003702180172796,0.3466371506006245,0.6492888664420604,0.5268241325643137,0.7002423378833527,0.66721147267649,0.7202336706174721,0.7194163860830529,0.719225589225589,0.7521917967600427,0.6873118784649903,0.666666666666667,0.75,0.6997245179063363,0.3550295857988175
0.34679137622981315,0.5380814479638005,0.3463506249595234,0.6561835390844439,0.35438066465256846,0.17933923111575467,0.1718641220136954,0.2317658033218004,0.2592592592592591,0.22614814814814777,0.24267861175939176,0.19947114800233257,0.17916666666666625,0.5,0.4282828282828275,0.08875739644970437
0.39640149728692187,0.5006828465651993,0.36090063251516535,0.7306942401902068,0.5392749244712993,0.5331017128818392,0.5490724542383241,0.630841076718867,0.5780022446689119,0.5229966329966329,0.5601828721605884,0.5547898498324035,0.4412878787878789,0.75,0.6942148760330573,0.3550295857988175
0.5560476951838993,0.9271413361724776,0.5144592128671948,0.7640008563895304,0.641993957703928,0.46471958282896253,0.4754750942659509,0.5597092312483172,0.55119825708061,0.4732026143790846,0.4912293909508394,0.4972916315979097,0.39705882352941213,0.75,0.6737967914438503,0.3550295857988175
0.7308743675995135,0.8108918036542754,0.3293106713262981,0.7521303008129399,0.5535775746682488,0.4825364225493338,0.5197513957785311,0.6201335179144918,0.5611814345991566,0.5260618846694793,0.544847940214817,0.5519199202814158,0.46914556962025333,0.75,0.7042577675489063,0.3550295857988175
0.7204328562855356,0.8682231377051393,0.20823220211358184,0.7276590450978018,0.460319249673085,0.3962246219564962,0.4543285714571317,0.5376938303898084,0.4383637368711999,0.40004975124378106,0.44211487919133496,0.48936528996764794,0.3600746268656718,0.75,0.5110809588421521,0.31528746798551666
0.6261542857064732,0.9013817788883638,0.505645466083223,0.7222344739944033,0.5392749244712993,0.43525006731936955,0.4399939253887579,0.49877623448189734,0.4361525704809286,0.42061359867330017,0.43009749865443414,0.4443540316182095,0.3367537313432827,0.75,0.6060606060606055,0.3550295857988175
0.4408144594727723,0.679689523146537,0.2835627425485596,0.6496501285159451,0.43655589123867156,0.39772651030834005,0.43471366929865773,0.5392109188595553,0.44729344729344733,0.4218632478632478,0.43252508990670524,0.4886393728893905,0.3701923076923075,0.75,0.5240093240093247,0.21028675466545366
0.3339798148101085,0.6149413298565842,0.21558716118983257,0.5780515258272823,0.40957038250806477,0.4042699871083144,0.45272238925595953,0.5157608364808954,0.407407407407407,0.36190207156308807,0.44079535841020245,0.4985958550487468,0.35381355932203373,0.5,0.4889573703133028,0.24972420018052421
0.3057211242236111,0.6577333473639904,0.3592338729718376,0.6142015634613831,0.48791540785498544,0.34596217225450676,0.3607539492588465,0.43649761839526446,0.38845822566752775,0.35196382428940565,0.4024903312329622,0.418818312525127,0.3066860465116279,0.5,0.5553206483439039,0.3550295857988175
0.26815920271702964,0.5985882352941176,0.2791418024369259,0.6297363574922958,0.5906344410876141,0.41965720565971676,0.4133334183787376,0.4845549569707859,0.4465608465608475,0.4036190476190473,0.4612232606661575,0.44645936398255603,0.3571428571428572,0.75,0.6060606060606055,0.3550295857988175
0.19485972571261456,0.6058963737174177,0.17822132588289263,0.5535545130479431,0.6246329943406668,0.5077494510287099,0.5042900964198269,0.6003411965178298,0.6113719353155971,0.5333020344287949,0.5809660341026817,0.5534765482080797,0.48591549295774605,0.75,0.7341015791720018,0.4900408367363944
0.0409507418186692,0.321628959276018,0.29925893030614237,0.5105407399599453,0.31916271040138167,0.6830236335761928,0.6671315815397607,0.7136137651325027,0.4973544973544972,0.5473015873015878,0.6746001871350069,0.6884067248289081,0.5476190476190474,0.5,0.49639249639249616,0.08453085376162317
0.3281154345614521,0.41884482299707204,0.24256531185753238,0.6483062052132531,0.4204431017119843,0.181644381623971,0.20368818847606684,0.28152576944378227,0.30283224400871456,0.2388453159041397,0.27226308727209947,0.22854710096057262,0.1875,0.5,0.3636363636363633,0.0
0.3497901730024342,0.39317008251264274,0.298891034945161,0.7412334051732785,0.5996978851963757,0.5317767412525098,0.5453140462030825,0.6546534377678208,0.638344226579521,0.5420915032679732,0.5787472709478276,0.5827782017335452,0.507352941176471,0.75,0.6916221033868091,0.3550295857988175
0.5000375933168648,0.8304693725940431,0.37673880452023933,0.717667436970493,0.641993957703928,0.5171739378500693,0.5331633863840004,0.616662899530013,0.5820895522388052,0.5522222222222224,0.5387764182924872,0.5530788119514796,0.4561567164179108,0.75,0.7272727272727266,0.3550295857988175
0.6817705221916768,0.9520983318700615,0.47322934579096,0.696989448062239,0.641993957703928,0.49452735364706957,0.5145708110190963,0.5894498437447826,0.5334438916528472,0.5254892205638475,0.5481813247996259,0.525011118133198,0.4375,0.75,0.6440524649479871,0.3550295857988175
0.7031536008245922,0.7585041256321534,0.07395894048312934,0.7219413891090449,0.5966767371601227,0.5735199680209462,0.6034604015885643,0.7031616563957392,0.7102396514161211,0.5664052287581693,0.6240506441227387,0.6202102743852231,0.5055147058823533,0.75,0.714795008912656,0.3550295857988175
0.5882875629004527,0.9162450192476532,0.3927999404570308,0.6259914565405478,0.5254768453803491,0.44332123897396425,0.45282509777021573,0.5308539897556175,0.5069098949695969,0.4494029850746264,0.4750320519663216,0.4716639120017634,0.37593283582089576,0.75,0.6277702397105385,0.3550295857988175
0.4006140084184242,0.7446221508013702,0.035236931412727435,0.584368076844602,0.43655589123867156,0.39728591291967064,0.4194899637713867,0.5160211173042955,0.4212530287296645,0.45307372793354084,0.5118410785762988,0.5399962073162068,0.4153037383177569,0.75,0.4803171905975647,0.2422164463861094
0.3324459687595507,0.7112899026839399,0.29337833006415037,0.5893036800772455,0.4815834126557137,0.36914818800900395,0.38452434615448094,0.48717992127131104,0.4601725012683917,0.42765601217656,0.4504676386234747,0.4601893747966441,0.3741438356164384,0.75,0.6193441261934405,0.3550295857988175
0.274793530668628,0.5845285067873305,0.2765088616885778,0.6295047712349409,0.6118630412890216,0.4088456086654162,0.39467058253502785,0.47927208143496713,0.43901234567901204,0.4199555555555552,0.43941880599262184,0.43119629329756837,0.3658333333333328,0.75,0.6577777777777776,0.3550295857988175
0.20007327625297933,0.5299616243771121,0.10962266331868364,0.560739346180583,0.5704807067191862,0.4423429831801542,0.44641866404274655,0.5162140546812841,0.5222691045475858,0.44801687763713094,0.5275659284685768,0.48255655254204743,0.4398734177215191,0.75,0.7119294207901801,0.41794622125683567
0.21416238867739956,0.47484162895927584,0.10130728024646807,0.6042293168980464,0.43655589123867156,0.4478699840665854,0.3784449589691361,0.4603811626866072,0.5185185185185186,0.4488888888888889,0.5612436949484305,0.4293387039667875,0.5,0.25,0.7272727272727266,0.7100591715976332
0.31811080254212776,0.37023190045248855,0.22373065215983412,0.6467318474506911,0.4156910876132933,0.24945467078169603,0.2529100809632241,0.3288289408500287,0.30555555555555536,0.2766666666666664,0.2680587969585182,0.2881591206882703,0.201171875,0.5,0.4602272727272725,0.1830621301775155
0.3383373950955768,0.3862049970489867,0.31414763442707105,0.7282899172565396,0.624129778011298,0.5589609005094287,0.5532566077941912,0.6526699982665667,0.6156736446591515,0.5522222222222224,0.5840744462519929,0.5655915405894647,0.5009057971014492,0.75,0.6763285024154593,0.3550295857988175
0.4389999513728,0.6501176470588237,0.29924412741587814,0.7024163096249356,0.6566681053085901,0.5760584356043141,0.5906318235648058,0.6855772984331363,0.6296296296296293,0.5522222222222224,0.6062528903754529,0.5971923371349819,0.5196428571428573,0.75,0.7203463203463203,0.3550295857988175
0.6074895054335805,0.8628054298642533,0.43320876048107215,0.6453429898425933,0.5528700906344417,0.37823274383699523,0.3852815255077635,0.4587825846900069,0.4183006535947711,0.3658169934640525,0.40268188883623957,0.41532708561090903,0.31801470588235237,0.5,0.5579322638146165,0.3550295857988175
0.6554141894949232,0.8664361450665226,0.17679815416795952,0.6836673038924943,0.5500067637642596,0.4997603110934552,0.5386034362129903,0.62703239054495,0.5666113875069088,0.5337147595356546,0.5534062728591467,0.572124236386502,0.42817164179104505,0.75,0.6313885119855263,0.3550295857988175
0.5353642945189936,0.7984136278945968,0.28441467902490314,0.6139922669630227,0.49244712990936623,0.4836540541475136,0.5113444523528337,0.6114429220658337,0.5795206971677556,0.5157516339869286,0.5694806718893233,0.5716626935204574,0.43933823529411775,0.75,0.6399286987522279,0.3550295857988175
0.3728219253880418,0.7244632713969383,0.02382806023017836,0.5906595983463572,0.4219858156028371,0.38183204944868887,0.4241006188455456,0.5101139700892086,0.3138954557394271,0.4769818754925139,0.49942255418460046,0.5439394176495664,0.40913120567375927,0.75,0.37653127014829124,0.24172227118217382
0.30335482759704924,0.5814250016883906,0.28932663281610194,0.6264627358930153,0.5346755647743171,0.4455977232867996,0.4464898498681009,0.5126205108457551,0.4648977335544502,0.44117744610281795,0.46562714545918293,0.46201251448401504,0.3740671641791047,0.75,0.6295793758480324,0.3550295857988175
0.2168999885037195,0.5664983214129324,0.14766300862178805,0.5868350958237267,0.5624695448786676,0.45544341462219773,0.4445866592582668,0.5088236146648288,0.4599761051373954,0.4633333333333334,0.49010012798313607,0.4822709938997636,0.405241935483871,0.75,0.6816552623004242,0.4619202137812568
0.1657282007747405,0.46466063348416276,0.0,0.5230772450226004,0.43655589123867156,0.4873923984847659,0.4088551872853339,0.48021966149573236,0.5925925925925921,0.4488888888888889,0.5612436949484305,0.4518856962737261,0.5,0.5,0.7272727272727266,0.7100591715976332
0.30970981338264636,0.41845812345257416,0.24680921780166254,0.6008521269891263,0.43074160633871106,0.21906996266851753,0.22640798047881683,0.32026543458255574,0.30957372466806454,0.2766666666666664,0.2725998190338337,0.27819567986485794,0.1898584905660381,0.5,0.44596912521440757,0.0
0.330120268000206,0.4347485819896757,0.34060590471134544,0.6525180447949139,0.5841240798263918,0.5224801825177945,0.5251059571400507,0.6042932818853979,0.5743348982785599,0.48818466353677614,0.5380699464421852,0.5311998942858938,0.43573943661971803,0.75,0.647033717456253,0.3550295857988175
0.3937646236997434,0.5727628426936386,0.2583343809643539,0.6419872322095836,0.5921450151057401,0.4898878647046985,0.49883767112833954,0.5947389403912124,0.535947712418301,0.47117647058823486,0.4943182573036742,0.537217297346821,0.4246323529411766,0.75,0.6114081996434937,0.3550295857988175
0.5437082883823248,0.8220971867007671,0.28595241916636405,0.632557892520577,0.5392749244712993,0.4366944544111382,0.464258749859888,0.556438057687723,0.4782608695652173,0.45238325281803515,0.4623104392996611,0.5035720642246915,0.35235507246376807,0.75,0.6060606060606055,0.3550295857988175
0.5590053111481446,0.8156521739130436,0.0795604399730061,0.5777238040371302,0.5586277858049833,0.46996677444586954,0.5054032641966586,0.6142589099713023,0.5491143317230276,0.5222705314009675,0.5566775446877177,0.5476396303723954,0.43206521739130466,0.75,0.616600790513834,0.3550295857988175
0.4275222918604502,0.7093031674208143,0.19164931952963826,0.6164829271014824,0.5730254639620194,0.49156158874081335,0.5178010660441341,0.610920359532324,0.566137566137566,0.5305714285714282,0.5632441036340765,0.5676862276273886,0.4464285714285712,0.75,0.6060606060606055,0.3550295857988175
0.33384066822106107,0.6133375820534064,0.2562575765453414,0.6491206865820576,0.6000382962427135,0.5070798723246606,0.5028604951632873,0.5697599944596208,0.5159102764736576,0.5056494522691697,0.5075003207530973,0.511959125967882,0.41285211267605604,0.75,0.6060606060606055,0.3550295857988175
0.2745105849635774,0.6070337626174731,0.2531581752875711,0.6125355153777952,0.5598187311178258,0.37005574114638407,0.36362699674750365,0.41995909927597763,0.407407407407407,0.34237606837606815,0.3743593604317841,0.3855595877265001,0.2913461538461539,0.5,0.6060606060606055,0.3550295857988175
0.24877069853850742,0.6437782805429864,0.07654944627938609,0.4956383813143683,0.43655589123867156,0.4791389109869364,0.47319085393381055,0.5285176538170671,0.5555555555555558,0.4144444444444444,0.4562222389520443,0.47942792511604093,0.4375,0.5,0.7272727272727266,0.3550295857988175
0.2869470444589943,0.4555511312217193,0.2790510113766378,0.6271306245698447,0.4310775427995974,0.2412139761894876,0.24155682225959474,0.32906430421641497,0.2948148148148144,0.2344148148148144,0.2732515245050049,0.296042983903698,0.2174999999999998,0.5,0.4250505050505051,0.0
0.31494850745814773,0.4713122171945703,0.3287746062853554,0.6501738682925107,0.5184333814965632,0.35266677473757735,0.33777168655481127,0.39361269079947503,0.3429951690821258,0.2886473429951688,0.3263406315362234,0.35476419592882324,0.24728260869565233,0.5,0.4953886693017129,0.3550295857988175
0.34093911017897227,0.53923273657289,0.28178508375499445,0.6448664304929859,0.5199220631376154,0.38395825777282955,0.39489703338316584,0.47574458324774094,0.4138486312399361,0.37450885668276923,0.41563423663459975,0.4359573675834447,0.3378623188405796,0.5,0.5656565656565649,0.3550295857988175
0.43061021667225496,0.6508778280542988,0.06037728866561176,0.6466867974131782,0.5612861458782916,0.4583118248209832,0.49134911067312714,0.5618200749797388,0.5343915343915344,0.4459365079365081,0.4892289822651943,0.5024333843378699,0.3839285714285712,0.75,0.6060606060606055,0.3550295857988175
0.39569257834138405,0.7061898271820306,0.03445840872719552,0.594356617810474,0.5689768135988071,0.5189823732836896,0.5383711327278426,0.6268347442254836,0.5948237394020528,0.5040829986613122,0.554073555382411,0.5571405817091493,0.4676204819277112,0.75,0.6980649872216134,0.3550295857988175
0.31150067831866934,0.6635644431469858,0.16635921819649258,0.5770764107640358,0.4829451320534064,0.43893643962653695,0.44131241121909515,0.5341864013301958,0.5348466746316203,0.4485185185185192,0.5044041255740419,0.48569091721931423,0.450940860215054,0.75,0.619094167481264,0.3550295857988175
0.30171029086291057,0.7052406417112302,0.29570623664270457,0.5459353610259805,0.4715737434770677,0.3935577488048905,0.37319211672919694,0.44349722105306544,0.42087542087542085,0.4238383838383841,0.4291712578620661,0.41944465202467596,0.3238636363636367,0.5,0.548209366391184,0.3550295857988175
0.2655667415473477,0.5283257918552036,0.26365797922044276,0.6052833908940409,0.348511005610705,0.43268356707057887,0.4021726265776806,0.4465233877831736,0.41798941798941813,0.3652380952380949,0.4128800507630581,0.4213326399306365,0.34821428571428603,0.5,0.4559884559884555,0.15215553677092153
0.2877522499639884,0.4977859623276859,0.2601560629131443,0.6124679650185862,0.49269303730766545,0.4172492712473934,0.4057465937379252,0.479341041250938,0.40396210163652,0.3904134366925063,0.42040096713932407,0.43136130531640937,0.38226744186046524,0.5,0.528541226215645,0.3550295857988175
0.3053580546985035,0.4876307692307693,0.22292338579107573,0.6013535550195626,0.5598187311178258,0.37807660727350534,0.3702281555565481,0.4483123535875495,0.3817283950617276,0.3648444444444445,0.39180907927426034,0.417477868357675,0.3491666666666666,0.5,0.5527272727272727,0.3550295857988175
0.32623611498861926,0.6331221719457014,0.13980008168023383,0.5436422065400419,0.4994450952586478,0.39576184340681486,0.3975275276278607,0.47778569441494945,0.407407407407407,0.4144444444444444,0.4562222389520443,0.44685624578947714,0.3915816326530619,0.75,0.6060606060606055,0.3550295857988175
0.33001190682872306,0.7929178222157351,0.005552874521330908,0.5206419490648242,0.38685313322288284,0.47744561484222015,0.46335570736160125,0.511392832015348,0.5555555555555558,0.4144444444444444,0.4923586539185427,0.4582594238459312,0.4375,0.5,0.6647116324535673,0.3550295857988175
0.27194321905420793,0.8152941176470585,0.2225676229950564,0.4761748274728881,0.1283987915407856,0.24754605179782185,0.23173986595426976,0.25588416650636514,0.2592592592592591,0.2766666666666664,0.24617932695927136,0.29437608031463336,0.1875,0.5,0.4848484848484844,0.3550295857988175
0.2796002258333079,0.7537194570135748,0.1574768473544459,0.4807538489201948,0.1283987915407856,0.27649928594021045,0.2004435117798513,0.2391585615544951,0.2592592592592591,0.2766666666666664,0.24617932695927136,0.24778580567006792,0.1875,0.5,0.4848484848484844,0.3550295857988175
